network_code,receiver_code,receiver_type,receiver_latitude,receiver_longitude,receiver_elevation_m,p_arrival_sample,p_status,p_weight,p_travel_sec,s_arrival_sample,s_status,s_weight,source_id,source_origin_time,source_origin_uncertainty_sec,source_latitude,source_longitude,source_error_sec,source_gap_deg,source_horizontal_uncertainty_km,source_depth_km,source_depth_uncertainty_km,source_magnitude,source_magnitude_type,source_magnitude_author,source_mechanism_strike_dip_rake,source_distance_deg,source_distance_km,back_azimuth_deg,snr_db,coda_end_sample,trace_start_time,trace_category,trace_name
SC,CBET,BH,32.4203,-103.878998,1042,700,manual,0.02,47.61,2260.0000348684844,manual,0.05,NA,NA,0.5,31.750833333333333,104.086,NA,113,NA,5,NA,2.65,ml,None,None,NA,74.7,186,3.71396338272329,5500,NA,earthquake_local,CBET.SC_20200902051800_EV
SC,CBET,BH,32.4203,-103.878998,1042,700,manual,0.04,31.58,2409.0000381991267,manual,0.07,NA,NA,0.25,31.768,104.10533333333333,NA,113,NA,5,NA,2.61,ml,None,None,NA,73,188,4.686580528069232,5500,NA,earthquake_local,CBET.SC_20200902141300_EV
SC,CL2B,BH,32.264099,-103.878998,1046,700,manual,0.08,53.44,2552.000041395426,manual,0.19,NA,NA,0.25,31.66433333333333,104.18716666666667,NA,134,NA,5,NA,2.13,ml,None,None,NA,72.1,203,10.61051237132286,5500,NA,earthquake_local,CL2B.SC_20200901131900_EV
SC,CL2B,BH,32.264099,-103.878998,1046,700,manual,0.03,64.29,2702.0000447491184,manual,0.05,NA,NA,0.5,31.642333333333333,104.4815,NA,156,NA,5,NA,2.01,ml,None,None,NA,88.5,219,14.306645908226983,5500,NA,earthquake_local,CL2B.SC_20200901185100_EV
SC,CL2B,BH,32.264099,-103.878998,1046,700,manual,0.38,22.93,1889.0000265780836,manual,0.62,NA,NA,0.25,31.9615,103.88616666666667,NA,177,NA,5,NA,1.77,ml,None,None,NA,33.6,180,10.256683189033577,5500,NA,earthquake_local,CL2B.SC_20200901225500_EV
SC,CL2B,BH,32.264099,-103.878998,1046,700,manual,0.07,86.01,2223.0000340435654,manual,0.17,NA,NA,0.25,31.728666666666665,104.38766666666666,NA,139,NA,5,NA,2.13,ml,None,None,NA,75.6,218,9.040575177982921,5500,NA,earthquake_local,CL2B.SC_20200901234300_EV
SC,CL2B,BH,32.264099,-103.878998,1046,700,manual,0.04,81.11,2461.0000393614173,manual,0.1,NA,NA,0.25,31.741,104.0895,NA,115,NA,5,NA,2.27,ml,None,None,NA,61,198,4.436101035355401,5500,NA,earthquake_local,CL2B.SC_20200902013500_EV
SC,CL2B,BH,32.264099,-103.878998,1046,700,manual,0.04,69.83,2181.0000331026968,manual,0.1,NA,NA,0.25,31.754,104.09733333333334,NA,114,NA,5,NA,2.56,ml,None,None,NA,59.9,199,5.970913565867535,5500,NA,earthquake_local,CL2B.SC_20200902050800_EV
SC,CL2B,BH,32.264099,-103.878998,1046,700,manual,0.04,46.28,2221.000033997232,manual,0.11,NA,NA,0.25,31.750833333333333,104.086,NA,113,NA,5,NA,2.65,ml,None,None,NA,59.9,198,4.253161212274476,5500,NA,earthquake_local,CL2B.SC_20200902051800_EV
SC,CL2B,BH,32.264099,-103.878998,1046,700,manual,0.04,89.86,2226.000034108758,manual,0.11,NA,NA,0.25,31.761,104.081,NA,112,NA,5,NA,2.46,ml,None,None,NA,58.7,198,4.409258480965793,5500,NA,earthquake_local,CL2B.SC_20200902070200_EV
SC,CL2B,BH,32.264099,-103.878998,1046,700,manual,0.14,61.99,2795.0000468264334,manual,0.12,NA,NA,0.25,31.439333333333334,103.39216666666667,NA,159,NA,5,NA,2.31,ml,None,None,NA,102.8,153,3.3524412638547885,5500,NA,earthquake_local,CL2B.SC_20200902081200_EV
SC,CL2B,BH,32.264099,-103.878998,1046,700,manual,0.05,43.72,2223.0000340417027,manual,0.11,NA,NA,0.25,31.749666666666666,104.08316666666667,NA,113,NA,5,NA,2.19,ml,None,None,NA,59.9,198,3.5815375729688013,5500,NA,earthquake_local,CL2B.SC_20200902140400_EV
SC,CL2B,BH,32.264099,-103.878998,1046,700,manual,0.04,29.7,2241.000034444034,manual,0.08,NA,NA,0.25,31.768,104.10533333333333,NA,113,NA,5,NA,2.61,ml,None,None,NA,58.7,200,2.446700657164073,5500,NA,earthquake_local,CL2B.SC_20200902141300_EV
SC,CL2B,BH,32.264099,-103.878998,1046,700,manual,0.08,80.22,2159.00003261026,manual,0.18,NA,NA,0.25,31.739,104.07433333333333,NA,113,NA,5,NA,2.08,ml,None,None,NA,60.8,197,4.522004006161471,5500,NA,earthquake_local,CL2B.SC_20200902160000_EV
SC,CL2B,BH,32.264099,-103.878998,1046,700,manual,0.3,74.53,1856.0000258376822,manual,0.47,NA,NA,0.25,31.983666666666668,103.78783333333334,NA,142,NA,5,NA,2.11,ml,None,None,NA,32.4,164,3.369200574824191,5500,NA,earthquake_local,CL2B.SC_20200902163100_EV
SC,CL2B,BH,32.264099,-103.878998,1046,700,manual,0.06,50.16,2340.000036655925,manual,0.15,NA,NA,0.25,31.709833333333332,104.3605,NA,140,NA,5,NA,2.13,ml,None,None,NA,75.7,216,5.330900265659699,5500,NA,earthquake_local,CL2B.SC_20200902165300_EV
SC,CL2B,BH,32.264099,-103.878998,1046,700,manual,0.1,63.72,2071.0000306433067,manual,0.22,NA,NA,0.25,31.745333333333335,104.084,NA,114,NA,5,NA,2.1,ml,None,None,NA,60.4,198,2.662601213815688,5500,NA,earthquake_local,CL2B.SC_20200902204500_EV
SC,CL2B,BH,32.264099,-103.878998,1046,700,manual,0.15,40.16,2414.0000383108854,manual,0.3,NA,NA,0.25,31.629666666666665,103.928,NA,105,NA,5,NA,1.92,ml,None,None,NA,70.5,183,3.210891551143206,5500,NA,earthquake_local,CL2B.SC_20200902213400_EV
SC,CL2B,BH,32.264099,-103.878998,1046,700,manual,0.05,47.31,2107.0000314489007,manual,0.13,NA,NA,0.25,31.735333333333333,104.096,NA,116,NA,5,NA,2.31,ml,None,None,NA,61.8,198,4.822580218996438,5500,NA,earthquake_local,CL2B.SC_20200902221700_EV
SC,CL2B,BH,32.264099,-103.878998,1046,700,manual,0.06,89.53,2099.000031271018,manual,0.14,NA,NA,0.25,31.729333333333333,104.08566666666667,NA,116,NA,5,NA,2.23,ml,None,None,NA,62.1,197,5.943751163257679,5500,NA,earthquake_local,CL2B.SC_20200902230600_EV
SC,CPRX,BH,33.0308,-103.867302,1361,700,manual,0.04,64.55,3179.000055409968,manual,0.11,NA,NA,0.25,31.615,104.29433333333333,NA,151,NA,5,NA,2.36,ml,None,None,NA,161.5,194,5.035555832959923,5500,NA,earthquake_local,CPRX.SC_20200901074800_EV
SC,CPRX,BH,33.0308,-103.867302,1361,700,manual,0.04,76.7,3428.0000609755516,manual,0.1,NA,NA,0.25,31.642333333333333,104.4815,NA,156,NA,5,NA,2.01,ml,None,None,NA,163.6,200,9.982977419104177,5500,NA,earthquake_local,CPRX.SC_20200901185100_EV
SC,CPRX,BH,33.0308,-103.867302,1361,700,manual,0.03,83.45,3048.0000524818897,manual,0.06,NA,NA,0.25,31.754,104.09733333333334,NA,114,NA,5,NA,2.56,ml,None,None,NA,143,188,3.9099933157188698,5500,NA,earthquake_local,CPRX.SC_20200902050800_EV
SC,CPRX,BH,33.0308,-103.867302,1361,700,manual,0.03,59.64,3158.000054940814,manual,0.06,NA,NA,0.25,31.750833333333333,104.086,NA,113,NA,5,NA,2.65,ml,None,None,NA,143.2,187,4.756083824985242,5500,NA,earthquake_local,CPRX.SC_20200902051800_EV
SC,CPRX,BH,33.0308,-103.867302,1361,700,manual,0.04,74.43,3396.000060260296,manual,0.1,NA,NA,0.25,31.696833333333334,104.514,NA,149,NA,5,NA,2.29,ml,None,None,NA,159.1,202,5.116385742601473,5500,NA,earthquake_local,CPRX.SC_20200902115100_EV
SC,CPRX,BH,33.0308,-103.867302,1361,700,manual,0.06,43.83,3308.0000582933426,manual,0.14,NA,NA,0.25,31.6445,104.27433333333333,NA,145,NA,5,NA,2.18,ml,None,None,NA,157.9,193,2.7700895583800555,5500,NA,earthquake_local,CPRX.SC_20200902121600_EV
SC,CPRX,BH,33.0308,-103.867302,1361,700,manual,0.06,82.28,3165.0000550970435,manual,0.14,NA,NA,0.25,31.752,104.08066666666667,NA,113,NA,5,NA,2.2,ml,None,None,NA,143,187,5.283855957272678,5500,NA,earthquake_local,CPRX.SC_20200902131000_EV
SC,CPRX,BH,33.0308,-103.867302,1361,700,manual,0.03,57.17,3157.0000549182296,manual,0.06,NA,NA,0.25,31.749666666666666,104.08316666666667,NA,113,NA,5,NA,2.19,ml,None,None,NA,143.3,187,6.921592256921264,5500,NA,earthquake_local,CPRX.SC_20200902140400_EV
SC,CPRX,BH,33.0308,-103.867302,1361,700,manual,0.02,43.27,3055.000052638352,manual,0.05,NA,NA,0.25,31.768,104.10533333333333,NA,113,NA,5,NA,2.61,ml,None,None,NA,141.5,188,4.619839278941644,5500,NA,earthquake_local,CPRX.SC_20200902141300_EV
SC,CPRX,BH,33.0308,-103.867302,1361,700,manual,0.04,62.74,3252.0000570425764,manual,0.08,NA,NA,0.25,31.709833333333332,104.3605,NA,140,NA,5,NA,2.13,ml,None,None,NA,153,197,3.409690199741399,5500,NA,earthquake_local,CPRX.SC_20200902165300_EV
SC,CPRX,BH,33.0308,-103.867302,1361,700,manual,0.08,74.5,3378.0000598579645,manual,0.2,NA,NA,0.25,31.706666666666667,104.354,NA,140,NA,5,NA,2.04,ml,None,None,NA,153.2,196,3.4359616623042752,5500,NA,earthquake_local,CPRX.SC_20200902174900_EV
SC,CPRX,BH,33.0308,-103.867302,1361,700,manual,0.08,54.24,3306.000058248639,manual,0.17,NA,NA,0.25,31.629666666666665,103.928,NA,105,NA,5,NA,1.92,ml,None,None,NA,155.4,181,8.64054577544324,5500,NA,earthquake_local,CPRX.SC_20200902213400_EV
SC,CPRX,BH,33.0308,-103.867302,1361,700,manual,0.03,59.41,3145.0000546500087,manual,0.07,NA,NA,0.25,31.735333333333333,104.096,NA,116,NA,5,NA,2.31,ml,None,None,NA,145,188,4.7095407496307224,5500,NA,earthquake_local,CPRX.SC_20200902221700_EV
SC,DAG,BH,32.591,-104.691704,1280,700,manual,0.12,49.26,2852.0000481009483,manual,0.25,NA,NA,0.25,31.5965,104.12483333333333,NA,139,NA,5,NA,2.21,ml,None,None,NA,123,154,19.486045200878902,5500,NA,earthquake_local,DAG.SC_20200901032600_EV
SC,DAG,BH,32.591,-104.691704,1280,700,manual,0.1,57.29,2534.0000409928616,manual,0.18,NA,NA,0.25,31.748833333333334,104.29816666666666,NA,143,NA,5,NA,1.85,ml,None,None,NA,100.8,158,24.168979520632657,5500,NA,earthquake_local,DAG.SC_20200901040500_EV
SC,DAG,BH,32.591,-104.691704,1280,700,manual,0.07,80.91,2606.00004260242,manual,0.12,NA,NA,0.25,31.749333333333333,104.08533333333334,NA,113,NA,5,NA,2.17,ml,None,None,NA,109.8,148,22.6622055690984,5500,NA,earthquake_local,DAG.SC_20200901060500_EV
SC,DAG,BH,32.591,-104.691704,1280,700,manual,0.36,53.3,2714.000045016408,manual,0.22,NA,NA,0.25,31.599166666666665,104.17616666666666,NA,204,NA,5,NA,1.97,ml,None,None,NA,120.7,156,13.560201868939794,5500,NA,earthquake_local,DAG.SC_20200901073300_EV
SC,DAG,BH,32.591,-104.691704,1280,700,manual,0.07,54.78,3018.0000518113375,manual,0.14,NA,NA,0.25,31.615,104.29433333333333,NA,151,NA,5,NA,2.36,ml,None,None,NA,114.9,160,27.897279020642344,5500,NA,earthquake_local,DAG.SC_20200901074800_EV
SC,DAG,BH,32.591,-104.691704,1280,700,manual,0.14,83.03,2771.000046290923,manual,0.26,NA,NA,0.25,31.622166666666665,104.29533333333333,NA,150,NA,5,NA,2.29,ml,None,None,NA,114.1,160,13.960863349374435,5500,NA,earthquake_local,DAG.SC_20200901075300_EV
SC,DAG,BH,32.591,-104.691704,1280,700,manual,0.3,84.87,2563.0000416408293,manual,0.35,NA,NA,0.25,31.934333333333335,103.92216666666667,NA,347,NA,5,NA,1.68,ml,None,None,NA,102.9,135,11.383460083813308,5500,NA,earthquake_local,DAG.SC_20200901092400_EV
SC,DAG,BH,32.591,-104.691704,1280,700,manual,0.07,38.06,2721.00004517287,manual,0.13,NA,NA,0.25,31.755166666666668,104.05983333333333,NA,110,NA,5,NA,1.8,ml,None,None,NA,110.5,147,8.32913771305085,5500,NA,earthquake_local,DAG.SC_20200901095900_EV
SC,DAG,BH,32.591,-104.691704,1280,700,manual,0.07,53.88,2721.00004517287,manual,0.12,NA,NA,0.25,31.7275,104.1175,NA,119,NA,5,NA,2.2,ml,None,None,NA,110.4,150,17.424763438411077,5500,NA,earthquake_local,DAG.SC_20200901103700_EV
SC,DAG,BH,32.591,-104.691704,1280,700,manual,0.08,60.41,2729.000045351684,manual,0.13,NA,NA,0.25,31.66433333333333,104.18716666666667,NA,134,NA,5,NA,2.13,ml,None,None,NA,113.6,155,25.026673642609516,5500,NA,earthquake_local,DAG.SC_20200901131900_EV
SC,DAG,BH,32.591,-104.691704,1280,700,manual,0.1,70.22,2561.0000415965915,manual,0.21,NA,NA,0.25,31.729,104.53916666666667,NA,145,NA,5,NA,1.99,ml,None,None,NA,96.9,171,15.251909152344806,5500,NA,earthquake_local,DAG.SC_20200901135800_EV
SC,DAG,BH,32.591,-104.691704,1280,700,manual,0.22,36.93,2571.000041820109,manual,0.38,NA,NA,0.5,31.7375,104.27583333333334,NA,277,NA,5,NA,1.81,ml,None,None,NA,102.8,157,7.955105886918038,5500,NA,earthquake_local,DAG.SC_20200901151300_EV
SC,DAG,BH,32.591,-104.691704,1280,700,manual,0.48,66.77,2690.000044479966,manual,0.45,NA,NA,0.25,32.0035,103.71866666666666,NA,244,NA,5,NA,1.67,ml,None,None,NA,112.4,125,12.027398401300967,5500,NA,earthquake_local,DAG.SC_20200901151500_EV
SC,DAG,BH,32.591,-104.691704,1280,700,manual,0.13,47.7,2686.000044390559,manual,0.23,NA,NA,0.25,31.691333333333333,104.22283333333333,NA,150,NA,5,NA,1.76,ml,None,None,NA,109.5,156,10.286085186568027,5500,NA,earthquake_local,DAG.SC_20200901154500_EV
SC,DAG,BH,32.591,-104.691704,1280,700,manual,0.07,67.04,2614.000042781234,manual,0.14,NA,NA,0.25,31.642333333333333,104.4815,NA,156,NA,5,NA,2.01,ml,None,None,NA,107.3,169,30.089548181895417,5500,NA,earthquake_local,DAG.SC_20200901185100_EV
SC,DAG,BH,32.591,-104.691704,1280,700,manual,0.1,62.87,2650.0000435858965,manual,0.19,NA,NA,0.25,31.66583333333333,104.45166666666667,NA,151,NA,5,NA,2.07,ml,None,None,NA,105.3,167,21.128305054895247,5500,NA,earthquake_local,DAG.SC_20200901195100_EV
SC,DAG,BH,32.591,-104.691704,1280,700,manual,0.33,41.52,2614.000042781234,manual,0.3,NA,NA,0.25,32.060833333333335,103.68716666666667,NA,313,NA,5,NA,2.16,ml,None,None,NA,111.3,122,20.501690041201982,5500,NA,earthquake_local,DAG.SC_20200901200900_EV
SC,DAG,BH,32.591,-104.691704,1280,700,manual,0.13,34.57,2650.0000435858965,manual,0.3,NA,NA,0.25,31.9615,103.88616666666667,NA,177,NA,5,NA,1.77,ml,None,None,NA,103.3,133,13.659786590852265,5500,NA,earthquake_local,DAG.SC_20200901225500_EV
SC,DAG,BH,32.591,-104.691704,1280,700,manual,0.1,85.1,2821.000047407113,manual,0.2,NA,NA,0.25,31.74266666666667,104.51666666666667,NA,142,NA,5,NA,1.94,ml,None,None,NA,95.7,170,12.700667549631019,5500,NA,earthquake_local,DAG.SC_20200901225800_EV
SC,DAG,BH,32.591,-104.691704,1280,700,manual,0.11,52.86,2578.000041976513,manual,0.2,NA,NA,0.25,31.721166666666665,104.40516666666667,NA,141,NA,5,NA,2.2,ml,None,None,NA,100.5,164,4.7671149236518096,5500,NA,earthquake_local,DAG.SC_20200902005900_EV
SC,DAG,BH,32.591,-104.691704,1280,700,manual,0.15,53.74,2774.0000463575125,manual,0.29,NA,NA,0.25,31.7815,104.03083333333333,NA,153,NA,5,NA,2.19,ml,None,None,NA,109.6,145,4.4046540408996275,5500,NA,earthquake_local,DAG.SC_20200902014900_EV
SC,DAG,BH,32.591,-104.691704,1280,700,manual,0.17,60.96,2712.000044971821,manual,0.34,NA,NA,0.25,31.652333333333335,104.24366666666667,NA,142,NA,5,NA,1.97,ml,None,None,NA,112.7,158,6.324023043071998,5500,NA,earthquake_local,DAG.SC_20200902024600_EV
SC,DAG,BH,32.591,-104.691704,1280,700,manual,0.1,35.69,2459.000039316714,manual,0.18,NA,NA,0.25,31.740833333333335,104.36416666666666,NA,136,NA,5,NA,2.24,ml,None,None,NA,99.5,161,4.991654795204487,5500,NA,earthquake_local,DAG.SC_20200902025400_EV
SC,DAG,BH,32.591,-104.691704,1280,700,manual,0.27,38.82,2776.000046402216,manual,0.63,NA,NA,0.25,31.702166666666667,104.3025,NA,276,NA,5,NA,2.23,ml,None,None,NA,105.5,159,0.2639830972277682,5500,NA,earthquake_local,DAG.SC_20200902031000_EV
SC,DAG,BH,32.591,-104.691704,1280,700,manual,0.1,59.19,2654.0000436753035,manual,0.18,NA,NA,0.25,31.7045,104.32533333333333,NA,139,NA,5,NA,2.27,ml,None,None,NA,104.5,160,2.2386740090110018,5500,NA,earthquake_local,DAG.SC_20200902032100_EV
SC,DAG,BH,32.591,-104.691704,1280,700,manual,0.29,69.54,2712.0000449714717,manual,0.27,NA,NA,0.25,31.9935,103.73,NA,242,NA,5,NA,1.75,ml,None,None,NA,112.2,126,1.425147912124327,5500,NA,earthquake_local,DAG.SC_20200902035400_EV
SC,DAG,BH,32.591,-104.691704,1280,700,manual,0.34,48.93,2727.0000453069806,manual,0.66,NA,NA,0.25,31.678,104.17466666666667,NA,165,NA,5,NA,1.92,ml,None,None,NA,112.7,154,4.4277255105318645,5500,NA,earthquake_local,DAG.SC_20200902041800_EV
SC,DAG,BH,32.591,-104.691704,1280,700,manual,0.1,38.87,2583.00004208833,manual,0.21,NA,NA,0.25,31.676166666666667,104.52433333333333,NA,153,NA,5,NA,1.67,ml,None,None,NA,102.9,171,4.075355673552451,5500,NA,earthquake_local,DAG.SC_20200902042000_EV
SC,DAG,BH,32.591,-104.691704,1280,700,manual,0.15,11.16,2595.0000423565507,manual,0.19,NA,NA,0.25,31.655333333333335,104.50133333333333,NA,155,NA,5,NA,1.89,ml,None,None,NA,105.5,170,5.503986463980794,5500,NA,earthquake_local,DAG.SC_20200902042200_EV
SC,DAG,BH,32.591,-104.691704,1280,700,manual,0.06,77.12,2614.000042781234,manual,0.11,NA,NA,0.25,31.754,104.09733333333334,NA,114,NA,5,NA,2.56,ml,None,None,NA,108.8,149,4.552457649101541,5500,NA,earthquake_local,DAG.SC_20200902050800_EV
SC,DAG,BH,32.591,-104.691704,1280,700,manual,0.06,53.69,2754.0000459104776,manual,0.11,NA,NA,0.25,31.750833333333333,104.086,NA,113,NA,5,NA,2.65,ml,None,None,NA,109.6,148,2.498354859407709,5500,NA,earthquake_local,DAG.SC_20200902051800_EV
SC,DAG,BH,32.591,-104.691704,1280,700,manual,0.07,69.36,2749.000045798719,manual,0.13,NA,NA,0.25,31.744333333333334,104.05483333333333,NA,131,NA,5,NA,1.95,ml,None,None,NA,111.8,147,0.572515066997359,5500,NA,earthquake_local,DAG.SC_20200902065600_EV
SC,DAG,BH,32.591,-104.691704,1280,700,manual,0.1,59.64,2641.000043384731,manual,0.19,NA,NA,0.25,31.6965,104.15066666666667,NA,126,NA,5,NA,1.7,ml,None,None,NA,111.9,152,4.0444183448656075,5500,NA,earthquake_local,DAG.SC_20200902071900_EV
SC,DAG,BH,32.591,-104.691704,1280,700,manual,0.06,74.89,3534.000063345302,manual,0.17,NA,NA,0.25,31.439333333333334,103.39216666666667,NA,159,NA,5,NA,2.31,ml,None,None,NA,177.5,136,5.853607042173125,5500,NA,earthquake_local,DAG.SC_20200902081200_EV
SC,DAG,BH,32.591,-104.691704,1280,700,manual,0.12,61.12,2685.0000443682075,manual,0.25,NA,NA,0.25,31.670833333333334,104.46666666666667,NA,151,NA,5,NA,1.96,ml,None,None,NA,104.5,168,9.804115366615086,5500,NA,earthquake_local,DAG.SC_20200902083000_EV
SC,DAG,BH,32.591,-104.691704,1280,700,manual,0.12,41.89,2520.00004068017,manual,0.23,NA,NA,0.25,31.704,104.525,NA,148,NA,5,NA,1.83,ml,None,None,NA,99.8,170,6.176005658453675,5500,NA,earthquake_local,DAG.SC_20200902083600_EV
SC,DAG,BH,32.591,-104.691704,1280,700,manual,0.07,61.26,2747.0000457540154,manual,0.13,NA,NA,0.25,31.758,104.08616666666667,NA,113,NA,5,NA,1.97,ml,None,None,NA,108.9,148,4.324888266395656,5500,NA,earthquake_local,DAG.SC_20200902085000_EV
SC,DAG,BH,32.591,-104.691704,1280,700,manual,0.08,47.08,2821.0000474080443,manual,0.14,NA,NA,0.25,31.719,104.0805,NA,116,NA,5,NA,2.05,ml,None,None,NA,112.9,149,4.796133264852412,5500,NA,earthquake_local,DAG.SC_20200902114500_EV
SC,DAG,BH,32.591,-104.691704,1280,700,manual,0.08,64.31,2534.0000409940258,manual,0.16,NA,NA,0.25,31.696833333333334,104.514,NA,149,NA,5,NA,2.29,ml,None,None,NA,100.8,170,7.331491970242788,5500,NA,earthquake_local,DAG.SC_20200902115100_EV
SC,DAG,BH,32.591,-104.691704,1280,700,manual,0.09,35.13,2807.00004709512,manual,0.16,NA,NA,0.25,31.6445,104.27433333333333,NA,145,NA,5,NA,2.18,ml,None,None,NA,112.5,159,6.754494045071841,5500,NA,earthquake_local,DAG.SC_20200902121600_EV
SC,DAG,BH,32.591,-104.691704,1280,700,manual,0.1,30.51,2749.000045798719,manual,0.1,NA,NA,0.25,31.764666666666667,104.04433333333333,NA,140,NA,5,NA,2.29,ml,None,None,NA,110.4,146,0.9707091274115066,5500,NA,earthquake_local,DAG.SC_20200902132600_EV
SC,DAG,BH,32.591,-104.691704,1280,700,manual,0.09,74.47,2745.000045709312,manual,0.16,NA,NA,0.25,31.754666666666665,104.05233333333334,NA,109,NA,5,NA,1.95,ml,None,None,NA,111,147,2.9261834873881702,5500,NA,earthquake_local,DAG.SC_20200902134900_EV
SC,DAG,BH,32.591,-104.691704,1280,700,manual,0.07,51.29,2726.000045284629,manual,0.12,NA,NA,0.25,31.749666666666666,104.08316666666667,NA,113,NA,5,NA,2.19,ml,None,None,NA,109.9,148,-0.19454363810122732,5500,NA,earthquake_local,DAG.SC_20200902140400_EV
SC,DAG,BH,32.591,-104.691704,1280,700,manual,0.06,37.1,2293.0000356063247,manual,0.04,NA,NA,0.25,31.768,104.10533333333333,NA,113,NA,5,NA,2.61,ml,None,None,NA,107,149,5.824525380338649,5500,NA,earthquake_local,DAG.SC_20200902141300_EV
SC,DAG,BH,32.591,-104.691704,1280,700,manual,0.07,86.8,2678.0000442117453,manual,0.13,NA,NA,0.25,31.739,104.07433333333333,NA,113,NA,5,NA,2.08,ml,None,None,NA,111.3,148,7.609248535927653,5500,NA,earthquake_local,DAG.SC_20200902160000_EV
SC,DAG,BH,32.591,-104.691704,1280,700,manual,0.07,86.21,2614.0000427803025,manual,0.16,NA,NA,0.25,31.983666666666668,103.78783333333334,NA,142,NA,5,NA,2.11,ml,None,None,NA,108.6,128,6.700189795877735,5500,NA,earthquake_local,DAG.SC_20200902163100_EV
SC,DAG,BH,32.591,-104.691704,1280,700,manual,0.07,53.93,2649.0000435635448,manual,0.13,NA,NA,0.25,31.709833333333332,104.3605,NA,140,NA,5,NA,2.13,ml,None,None,NA,102.9,162,4.5239716794064115,5500,NA,earthquake_local,DAG.SC_20200902165300_EV
SC,DAG,BH,32.591,-104.691704,1280,700,manual,0.09,65.56,2575.000041909516,manual,0.17,NA,NA,0.25,31.706666666666667,104.354,NA,140,NA,5,NA,2.04,ml,None,None,NA,103.4,162,5.975373974098941,5500,NA,earthquake_local,DAG.SC_20200902174900_EV
SC,DAG,BH,32.591,-104.691704,1280,700,manual,0.1,50.29,2790.0000467151403,manual,0.1,NA,NA,0.25,31.618166666666667,104.20383333333334,NA,143,NA,5,NA,2.06,ml,None,None,NA,117.7,157,-1.9848323807264987,5500,NA,earthquake_local,DAG.SC_20200902180300_EV
SC,DAG,BH,32.591,-104.691704,1280,700,manual,0.24,39.83,2787.000046647154,manual,0.3,NA,NA,0.25,31.613833333333332,104.15333333333334,NA,292,NA,5,NA,1.97,ml,None,None,NA,120.1,155,0.5920641249191374,5500,NA,earthquake_local,DAG.SC_20200902194000_EV
SC,DAG,BH,32.591,-104.691704,1280,700,manual,0.11,62.69,2770.000046267174,manual,0.2,NA,NA,0.25,31.625666666666667,104.1765,NA,149,NA,5,NA,2.03,ml,None,None,NA,117.9,155,1.2871031156943569,5500,NA,earthquake_local,DAG.SC_20200902194200_EV
SC,DAG,BH,32.591,-104.691704,1280,700,manual,0.07,69.93,2722.000045195222,manual,0.13,NA,NA,0.25,31.745333333333335,104.084,NA,114,NA,5,NA,2.1,ml,None,None,NA,110.2,148,6.174816963466591,5500,NA,earthquake_local,DAG.SC_20200902204500_EV
SC,DAG,BH,32.591,-104.691704,1280,700,manual,0.07,49.84,2951.000050314702,manual,0.13,NA,NA,0.25,31.629666666666665,103.928,NA,105,NA,5,NA,1.92,ml,None,None,NA,129.1,146,3.177603087657454,5500,NA,earthquake_local,DAG.SC_20200902213400_EV
SC,DAG,BH,32.591,-104.691704,1280,700,manual,0.15,81.94,2804.0000470271334,manual,0.25,NA,NA,0.25,31.632666666666665,104.1125,NA,162,NA,5,NA,2.02,ml,None,None,NA,119.9,152,10.230663840791587,5500,NA,earthquake_local,DAG.SC_20200902215400_EV
SC,DAG,BH,32.591,-104.691704,1280,700,manual,0.06,53.53,2721.00004517287,manual,0.11,NA,NA,0.25,31.735333333333333,104.096,NA,116,NA,5,NA,2.31,ml,None,None,NA,110.6,149,-9.062714106601192,5500,NA,earthquake_local,DAG.SC_20200902221700_EV
SC,DAG,BH,32.591,-104.691704,1280,700,manual,0.13,70.64,2536.000041037798,manual,0.72,NA,NA,0.25,31.749666666666666,104.52933333333333,NA,249,NA,5,NA,2.2,ml,None,None,NA,94.7,170,5.705031693703903,5500,NA,earthquake_local,DAG.SC_20200902234500_EV
SC,GDL2,BH,32.200802,-104.363701,1211,700,manual,0.36,61.84,2195.000033415854,manual,0.63,NA,NA,0.25,31.6535,104.05766666666666,NA,175,NA,5,NA,1.64,ml,None,None,NA,67.4,154,8.942586066336643,5500,NA,earthquake_local,GDL2.SC_20200901013500_EV
SC,GDL2,BH,32.200802,-104.363701,1211,700,manual,0.18,40.8,2277.000035248697,manual,0.4,NA,NA,0.25,31.5965,104.12483333333333,NA,139,NA,5,NA,2.21,ml,None,None,NA,70.9,161,16.975017821109052,5500,NA,earthquake_local,GDL2.SC_20200901032600_EV
SC,GDL2,BH,32.200802,-104.363701,1211,700,manual,0.16,49.75,2026.0000296384096,manual,0.31,NA,NA,0.25,31.748833333333334,104.29816666666666,NA,143,NA,5,NA,1.85,ml,None,None,NA,50.5,172,24.2284613570888,5500,NA,earthquake_local,GDL2.SC_20200901040500_EV
SC,GDL2,BH,32.200802,-104.363701,1211,700,manual,0.09,72.57,2081.0000308677554,manual,0.16,NA,NA,0.25,31.749333333333333,104.08533333333334,NA,113,NA,5,NA,2.17,ml,None,None,NA,56.7,152,26.024312652378097,5500,NA,earthquake_local,GDL2.SC_20200901060500_EV
SC,GDL2,BH,32.200802,-104.363701,1211,700,manual,0.17,44.57,2266.0000350028276,manual,0.59,NA,NA,0.25,31.599166666666665,104.17616666666666,NA,204,NA,5,NA,1.97,ml,None,None,NA,69.2,165,11.525597358674958,5500,NA,earthquake_local,GDL2.SC_20200901073300_EV
SC,GDL2,BH,32.200802,-104.363701,1211,700,manual,0.08,48.3,2476.000039697159,manual,0.18,NA,NA,0.25,31.615,104.29433333333333,NA,151,NA,5,NA,2.36,ml,None,None,NA,65.3,174,20.032304477674685,5500,NA,earthquake_local,GDL2.SC_20200901074800_EV
SC,GDL2,BH,32.200802,-104.363701,1211,700,manual,0.21,75.08,2461.0000393609516,manual,0.46,NA,NA,0.25,31.622166666666665,104.29533333333333,NA,150,NA,5,NA,2.29,ml,None,None,NA,64.5,174,18.057343272484555,5500,NA,earthquake_local,GDL2.SC_20200901075300_EV
SC,GDL2,BH,32.200802,-104.363701,1211,700,manual,0.55,76.62,2060.000030397903,manual,0.83,NA,NA,0.25,31.934333333333335,103.92216666666667,NA,347,NA,5,NA,1.68,ml,None,None,NA,51,125,2.6809137770539255,5500,NA,earthquake_local,GDL2.SC_20200901092400_EV
SC,GDL2,BH,32.200802,-104.363701,1211,700,manual,0.1,29.64,2162.000032678712,manual,0.17,NA,NA,0.25,31.755166666666668,104.05983333333333,NA,110,NA,5,NA,1.8,ml,None,None,NA,57.3,150,3.08475527096817,5500,NA,earthquake_local,GDL2.SC_20200901095900_EV
SC,GDL2,BH,32.200802,-104.363701,1211,700,manual,0.09,46.34,2065.0000305101275,manual,0.15,NA,NA,0.25,31.7275,104.1175,NA,119,NA,5,NA,2.2,ml,None,None,NA,57.5,156,4.89947092789817,5500,NA,earthquake_local,GDL2.SC_20200901103700_EV
SC,GDL2,BH,32.200802,-104.363701,1211,700,manual,0.3,46.66,2195.000033415854,manual,0.59,NA,NA,0.25,31.6795,104.16033333333333,NA,159,NA,5,NA,1.71,ml,None,None,NA,61,161,2.5683670132961907,5500,NA,earthquake_local,GDL2.SC_20200901115800_EV
SC,GDL2,BH,32.200802,-104.363701,1211,700,manual,0.1,52.23,2147.0000323429704,manual,0.16,NA,NA,0.25,31.66433333333333,104.18716666666667,NA,134,NA,5,NA,2.13,ml,None,None,NA,61.9,164,0.5447841501138745,5500,NA,earthquake_local,GDL2.SC_20200901131900_EV
SC,GDL2,BH,32.200802,-104.363701,1211,700,manual,0.15,63.59,2036.000029861927,manual,0.32,NA,NA,0.25,31.729,104.53916666666667,NA,145,NA,5,NA,1.99,ml,None,None,NA,54.6,197,2.939643491511621,5500,NA,earthquake_local,GDL2.SC_20200901135800_EV
SC,GDL2,BH,32.200802,-104.363701,1211,700,manual,0.46,28.98,2135.0000320747495,manual,0.34,NA,NA,0.5,31.7375,104.27583333333334,NA,277,NA,5,NA,1.81,ml,None,None,NA,52.1,170,3.531154883329313,5500,NA,earthquake_local,GDL2.SC_20200901151300_EV
SC,GDL2,BH,32.200802,-104.363701,1211,700,manual,0.2,38.27,2313.000036054291,manual,0.41,NA,NA,0.25,31.691333333333333,104.22283333333333,NA,150,NA,5,NA,1.76,ml,None,None,NA,58.1,166,4.287251400484897,5500,NA,earthquake_local,GDL2.SC_20200901154500_EV
SC,GDL2,BH,32.200802,-104.363701,1211,700,manual,0.08,60.13,2211.000033773482,manual,0.18,NA,NA,0.25,31.642333333333333,104.4815,NA,156,NA,5,NA,2.01,ml,None,None,NA,62.7,189,2.0552913103422368,5500,NA,earthquake_local,GDL2.SC_20200901185100_EV
SC,GDL2,BH,32.200802,-104.363701,1211,700,manual,0.14,55.32,2208.0000337054953,manual,0.33,NA,NA,0.25,31.66583333333333,104.45166666666667,NA,151,NA,5,NA,2.07,ml,None,None,NA,59.8,187,2.862066654929931,5500,NA,earthquake_local,GDL2.SC_20200901195100_EV
SC,GDL2,BH,32.200802,-104.363701,1211,700,manual,0.11,26.19,1969.0000283652917,manual,0.3,NA,NA,0.5,31.9615,103.88616666666667,NA,177,NA,5,NA,1.77,ml,None,None,NA,52.2,121,6.025506648861646,5500,NA,earthquake_local,GDL2.SC_20200901225500_EV
SC,GDL2,BH,32.200802,-104.363701,1211,700,manual,0.15,81.31,2080.0000308454037,manual,0.32,NA,NA,0.25,31.74266666666667,104.51666666666667,NA,142,NA,5,NA,1.94,ml,None,None,NA,52.6,195,1.6637394792809679,5500,NA,earthquake_local,GDL2.SC_20200901225800_EV
SC,GDL2,BH,32.200802,-104.363701,1211,700,manual,0.2,92.07,2062.000030442141,manual,0.44,NA,NA,0.25,31.701166666666666,104.31766666666667,NA,139,NA,5,NA,2.19,ml,None,None,NA,55.6,175,3.7965392832346185,5500,NA,earthquake_local,GDL2.SC_20200901230400_EV
SC,GDL2,BH,32.200802,-104.363701,1211,700,manual,0.16,66.89,2135.0000320747495,manual,0.32,NA,NA,0.25,31.752666666666666,104.0665,NA,111,NA,5,NA,1.71,ml,None,None,NA,57.2,150,3.6399234592178793,5500,NA,earthquake_local,GDL2.SC_20200901231900_EV
SC,GDL2,BH,32.200802,-104.363701,1211,700,manual,0.11,81.32,2130.000031961128,manual,0.23,NA,NA,0.25,31.728666666666665,104.38766666666666,NA,139,NA,5,NA,2.13,ml,None,None,NA,52.3,182,3.404326813201827,5500,NA,earthquake_local,GDL2.SC_20200901234300_EV
SC,GDL2,BH,32.200802,-104.363701,1211,700,manual,0.15,45.58,2121.000031761825,manual,0.34,NA,NA,0.25,31.721166666666665,104.40516666666667,NA,141,NA,5,NA,2.2,ml,None,None,NA,53.2,183,9.043619139546225,5500,NA,earthquake_local,GDL2.SC_20200902005900_EV
SC,GDL2,BH,32.200802,-104.363701,1211,700,manual,0.08,80.3,2093.00003113586,manual,0.14,NA,NA,0.25,31.741,104.0895,NA,115,NA,5,NA,2.27,ml,None,None,NA,57.3,153,1.1963593089569924,5500,NA,earthquake_local,GDL2.SC_20200902013500_EV
SC,GDL2,BH,32.200802,-104.363701,1211,700,manual,0.22,45.19,2117.000031672418,manual,0.43,NA,NA,0.25,31.7815,104.03083333333333,NA,153,NA,5,NA,2.19,ml,None,None,NA,56.2,146,4.040448762086276,5500,NA,earthquake_local,GDL2.SC_20200902014900_EV
SC,GDL2,BH,32.200802,-104.363701,1211,700,manual,0.22,24.18,2348.000036835554,manual,0.43,NA,NA,0.25,31.621,104.14966666666666,NA,153,NA,5,NA,1.9,ml,None,None,NA,67.5,162,6.580962010191698,5500,NA,earthquake_local,GDL2.SC_20200902023700_EV
SC,GDL2,BH,32.200802,-104.363701,1211,700,manual,0.15,28.31,2012.0000293254852,manual,0.32,NA,NA,0.25,31.740833333333335,104.36416666666666,NA,136,NA,5,NA,2.24,ml,None,None,NA,51,179,3.2146403524546208,5499.999999999884,NA,earthquake_local,GDL2.SC_20200902025400_EV
SC,GDL2,BH,32.200802,-104.363701,1211,700,manual,0.34,30.33,2120.0000317394733,manual,0.33,NA,NA,0.5,31.702166666666667,104.3025,NA,276,NA,5,NA,2.23,ml,None,None,NA,55.6,173,6.427497413491955,5500,NA,earthquake_local,GDL2.SC_20200902031000_EV
SC,GDL2,BH,32.200802,-104.363701,1211,700,manual,0.15,51.74,2123.0000318065286,manual,0.32,NA,NA,0.25,31.7045,104.32533333333333,NA,139,NA,5,NA,2.27,ml,None,None,NA,55.2,176,1.9973303257306532,5500,NA,earthquake_local,GDL2.SC_20200902032100_EV
SC,GDL2,BH,32.200802,-104.363701,1211,700,manual,0.11,63.97,1850.000025704503,manual,0.23,NA,NA,0.5,31.9935,103.73,NA,242,NA,5,NA,1.75,ml,None,None,NA,63.7,111,4.315411301223649,5500,NA,earthquake_local,GDL2.SC_20200902035400_EV
SC,GDL2,BH,32.200802,-104.363701,1211,700,manual,0.15,32.36,2141.00003220886,manual,0.33,NA,NA,0.25,31.676166666666667,104.52433333333333,NA,153,NA,5,NA,1.67,ml,None,None,NA,59.9,194,3.740850304465268,5500,NA,earthquake_local,GDL2.SC_20200902042000_EV
SC,GDL2,BH,32.200802,-104.363701,1211,700,manual,0.25,4.79,2107.0000314489007,manual,0.26,NA,NA,0.25,31.655333333333335,104.50133333333333,NA,155,NA,5,NA,1.89,ml,None,None,NA,61.7,191,1.2940761876835545,5500,NA,earthquake_local,GDL2.SC_20200902042200_EV
SC,GDL2,BH,32.200802,-104.363701,1211,700,manual,0.08,68.86,2087.000031001633,manual,0.15,NA,NA,0.25,31.754,104.09733333333334,NA,114,NA,5,NA,2.56,ml,None,None,NA,55.7,153,3.210799705978808,5500,NA,earthquake_local,GDL2.SC_20200902050800_EV
SC,GDL2,BH,32.200802,-104.363701,1211,700,manual,0.08,45.35,2109.000031493604,manual,0.15,NA,NA,0.25,31.750833333333333,104.086,NA,113,NA,5,NA,2.65,ml,None,None,NA,56.5,152,3.7767017410360766,5500,NA,earthquake_local,GDL2.SC_20200902051800_EV
SC,GDL2,BH,32.200802,-104.363701,1211,700,manual,0.11,79.95,2093.0000311359763,manual,0.23,NA,NA,0.25,31.671,104.21433333333333,NA,136,NA,5,NA,1.02,ml,None,None,NA,60.5,166,5.935741765038478,5500,NA,earthquake_local,GDL2.SC_20200902053800_EV
SC,GDL2,BH,32.200802,-104.363701,1211,700,manual,0.09,61.16,2122.000031784177,manual,0.18,NA,NA,0.25,31.744333333333334,104.05483333333333,NA,131,NA,5,NA,1.95,ml,None,None,NA,58.5,150,4.198443433036137,5500,NA,earthquake_local,GDL2.SC_20200902065600_EV
SC,GDL2,BH,32.200802,-104.363701,1211,700,manual,0.09,90.23,2098.000031247735,manual,0.15,NA,NA,0.25,31.761,104.081,NA,112,NA,5,NA,2.46,ml,None,None,NA,55.7,151,5.662255929209902,5500,NA,earthquake_local,GDL2.SC_20200902070200_EV
SC,GDL2,BH,32.200802,-104.363701,1211,700,manual,0.14,50.05,2098.000031247735,manual,0.28,NA,NA,0.25,31.6965,104.15066666666667,NA,126,NA,5,NA,1.7,ml,None,None,NA,59.6,160,8.997219782117757,5500,NA,earthquake_local,GDL2.SC_20200902071900_EV
SC,GDL2,BH,32.200802,-104.363701,1211,700,manual,0.32,66.54,3528.00006321026,manual,0.5,NA,NA,0.25,31.054666666666666,103.17066666666666,NA,329,NA,5,NA,2.25,ml,None,None,NA,170.4,138,3.187934166429982,5500,NA,earthquake_local,GDL2.SC_20200902074300_EV
SC,GDL2,BH,32.200802,-104.363701,1211,700,manual,0.08,66.4,2884.000048816204,manual,0.21,NA,NA,0.25,31.439333333333334,103.39216666666667,NA,159,NA,5,NA,2.31,ml,None,None,NA,124.9,133,5.7346241546478405,5500,NA,earthquake_local,GDL2.SC_20200902081200_EV
SC,GDL2,BH,32.200802,-104.363701,1211,700,manual,0.18,53.75,2250.0000346452,manual,0.4,NA,NA,0.25,31.670833333333334,104.46666666666667,NA,151,NA,5,NA,1.96,ml,None,None,NA,59.4,189,2.961307713034627,5500,NA,earthquake_local,GDL2.SC_20200902083000_EV
SC,GDL2,BH,32.200802,-104.363701,1211,700,manual,0.17,35.24,2146.0000323206186,manual,0.34,NA,NA,0.25,31.704,104.525,NA,148,NA,5,NA,1.83,ml,None,None,NA,56.9,195,7.660472123608662,5500,NA,earthquake_local,GDL2.SC_20200902083600_EV
SC,GDL2,BH,32.200802,-104.363701,1211,700,manual,0.1,52.98,2087.000031001866,manual,0.17,NA,NA,0.25,31.758,104.08616666666667,NA,113,NA,5,NA,1.97,ml,None,None,NA,55.8,152,2.014888264900161,5500,NA,earthquake_local,GDL2.SC_20200902085000_EV
SC,GDL2,BH,32.200802,-104.363701,1211,700,manual,0.11,80.84,2109.000031493604,manual,0.21,NA,NA,0.25,31.758,104.05883333333334,NA,130,NA,5,NA,2.09,ml,None,None,NA,57,149,1.6206845316479095,5500,NA,earthquake_local,GDL2.SC_20200902095400_EV
SC,GDL2,BH,32.200802,-104.363701,1211,700,manual,0.1,79.27,2297.0000356957316,manual,0.21,NA,NA,0.25,31.6895,104.39833333333333,NA,145,NA,5,NA,2.05,ml,None,None,NA,56.7,183,5.010995459248679,5500,NA,earthquake_local,GDL2.SC_20200902101300_EV
SC,GDL2,BH,32.200802,-104.363701,1211,700,manual,0.15,84.53,2099.0000312700868,manual,0.31,NA,NA,0.25,31.675833333333333,104.2695,NA,140,NA,5,NA,1.96,ml,None,None,NA,58.9,171,4.169613950805263,5500,NA,earthquake_local,GDL2.SC_20200902103300_EV
SC,GDL2,BH,32.200802,-104.363701,1211,700,manual,0.11,38.49,2114.000031605363,manual,0.2,NA,NA,0.25,31.719,104.0805,NA,116,NA,5,NA,2.05,ml,None,None,NA,59.9,153,3.149920098062074,5500,NA,earthquake_local,GDL2.SC_20200902114500_EV
SC,GDL2,BH,32.200802,-104.363701,1211,700,manual,0.09,57.57,2120.000031738542,manual,0.2,NA,NA,0.25,31.696833333333334,104.514,NA,149,NA,5,NA,2.29,ml,None,None,NA,57.4,194,-2.474261371343184,5500,NA,earthquake_local,GDL2.SC_20200902115100_EV
SC,GDL2,BH,32.200802,-104.363701,1211,700,manual,0.11,27.35,2268.000035047531,manual,0.11,NA,NA,0.25,31.6445,104.27433333333333,NA,145,NA,5,NA,2.18,ml,None,None,NA,62.3,172,5.01488076442247,5500,NA,earthquake_local,GDL2.SC_20200902121600_EV
SC,GDL2,BH,32.200802,-104.363701,1211,700,manual,0.1,67.91,2109.000031493604,manual,0.18,NA,NA,0.25,31.752,104.08066666666667,NA,113,NA,5,NA,2.2,ml,None,None,NA,56.6,151,1.7352528499539361,5500,NA,earthquake_local,GDL2.SC_20200902131000_EV
SC,GDL2,BH,32.200802,-104.363701,1211,700,manual,0.15,22.26,2101.0000313147902,manual,0.28,NA,NA,0.25,31.764666666666667,104.04433333333333,NA,140,NA,5,NA,2.29,ml,None,None,NA,57.1,148,8.334115251668951,5500,NA,earthquake_local,GDL2.SC_20200902132600_EV
SC,GDL2,BH,32.200802,-104.363701,1211,700,manual,0.13,65.56,2229.000034175813,manual,0.24,NA,NA,0.25,31.754666666666665,104.05233333333334,NA,109,NA,5,NA,1.95,ml,None,None,NA,57.7,149,2.245063528843281,5500,NA,earthquake_local,GDL2.SC_20200902134900_EV
SC,GDL2,BH,32.200802,-104.363701,1211,700,manual,0.09,43.02,2094.000031158328,manual,0.16,NA,NA,0.25,31.749666666666666,104.08316666666667,NA,113,NA,5,NA,2.19,ml,None,None,NA,56.7,152,3.307167127209605,5500,NA,earthquake_local,GDL2.SC_20200902140400_EV
SC,GDL2,BH,32.200802,-104.363701,1211,700,manual,0.09,28.67,2104.0000313818455,manual,0.14,NA,NA,0.25,31.768,104.10533333333333,NA,113,NA,5,NA,2.61,ml,None,None,NA,53.9,153,0.7130907165403502,5500,NA,earthquake_local,GDL2.SC_20200902141300_EV
SC,GDL2,BH,32.200802,-104.363701,1211,700,manual,0.09,77.95,2125.000031851232,manual,0.17,NA,NA,0.25,31.739,104.07433333333333,NA,113,NA,5,NA,2.08,ml,None,None,NA,58.2,152,3.5976260941419484,5500,NA,earthquake_local,GDL2.SC_20200902160000_EV
SC,GDL2,BH,32.200802,-104.363701,1211,700,manual,0.11,77.7,2113.0000315839425,manual,0.3,NA,NA,0.25,31.983666666666668,103.78783333333334,NA,142,NA,5,NA,2.11,ml,None,None,NA,59.2,114,4.6778760883085155,5500,NA,earthquake_local,GDL2.SC_20200902163100_EV
SC,GDL2,BH,32.200802,-104.363701,1211,700,manual,0.08,46.37,2107.0000314489007,manual,0.16,NA,NA,0.25,31.709833333333332,104.3605,NA,140,NA,5,NA,2.13,ml,None,None,NA,54.4,179,3.209221639148192,5500,NA,earthquake_local,GDL2.SC_20200902165300_EV
SC,GDL2,BH,32.200802,-104.363701,1211,700,manual,0.13,57.21,2209.0000337287784,manual,0.27,NA,NA,0.25,31.706666666666667,104.354,NA,140,NA,5,NA,2.04,ml,None,None,NA,54.8,178,4.045390812393763,5500,NA,earthquake_local,GDL2.SC_20200902174900_EV
SC,GDL2,BH,32.200802,-104.363701,1211,700,manual,0.13,41.49,2241.000034444034,manual,0.26,NA,NA,0.25,31.618166666666667,104.20383333333334,NA,143,NA,5,NA,2.06,ml,None,None,NA,66.5,166,5.350980863672814,5500,NA,earthquake_local,GDL2.SC_20200902180300_EV
SC,GDL2,BH,32.200802,-104.363701,1211,700,manual,0.23,29.89,2395.0000378862023,manual,0.37,NA,NA,0.5,31.613833333333332,104.15333333333334,NA,292,NA,5,NA,1.97,ml,None,None,NA,68.2,163,3.5418664118588588,5500,NA,earthquake_local,GDL2.SC_20200902194000_EV
SC,GDL2,BH,32.200802,-104.363701,1211,700,manual,0.1,61.69,2118.0000316938385,manual,0.18,NA,NA,0.25,31.745333333333335,104.084,NA,114,NA,5,NA,2.1,ml,None,None,NA,57.1,152,3.903761550525104,5500,NA,earthquake_local,GDL2.SC_20200902204500_EV
SC,GDL2,BH,32.200802,-104.363701,1211,700,manual,0.09,41.4,2333.0000365003943,manual,0.18,NA,NA,0.25,31.629666666666665,103.928,NA,105,NA,5,NA,1.92,ml,None,None,NA,75.7,147,3.4363976868058566,5500,NA,earthquake_local,GDL2.SC_20200902213400_EV
SC,GDL2,BH,32.200802,-104.363701,1211,700,manual,0.2,86.49,2060.0000303974375,manual,0.29,NA,NA,0.25,31.776333333333334,104.029,NA,190,NA,5,NA,2.15,ml,None,None,NA,56.8,146,2.856905049481673,5500,NA,earthquake_local,GDL2.SC_20200902214900_EV
SC,GDL2,BH,32.200802,-104.363701,1211,700,manual,0.09,45.2,2074.000030711293,manual,0.14,NA,NA,0.25,31.735333333333333,104.096,NA,116,NA,5,NA,2.31,ml,None,None,NA,57.6,154,5.330198770903321,5500,NA,earthquake_local,GDL2.SC_20200902221700_EV
SC,GDL2,BH,32.200802,-104.363701,1211,700,manual,0.09,87.38,2106.0000314256176,manual,0.15,NA,NA,0.25,31.729333333333333,104.08566666666667,NA,116,NA,5,NA,2.23,ml,None,None,NA,58.6,153,2.6539376547828235,5500,NA,earthquake_local,GDL2.SC_20200902230600_EV
SC,GDL2,BH,32.200802,-104.363701,1211,700,manual,0.46,64.13,2076.0000307559967,manual,0.4,NA,NA,0.25,31.749666666666666,104.52933333333333,NA,249,NA,5,NA,2.2,ml,None,None,NA,52.2,197,3.4321139676860746,5500,NA,earthquake_local,GDL2.SC_20200902234500_EV
SC,HTMS,BH,32.472599,-103.6343,1192,700,manual,0.08,36.37,2469.0000395397656,manual,0.2,NA,NA,0.25,31.755166666666668,104.05983333333333,NA,110,NA,5,NA,1.8,ml,None,None,NA,88.4,206,11.578464047005294,5500,NA,earthquake_local,HTMS.SC_20200901095900_EV
SC,HTMS,BH,32.472599,-103.6343,1192,700,manual,0.03,87.26,2532.000040948391,manual,0.05,NA,NA,0.25,31.741,104.0895,NA,115,NA,5,NA,2.27,ml,None,None,NA,91,207,5.327761803473864,5500,NA,earthquake_local,HTMS.SC_20200902013500_EV
SC,HTMS,BH,32.472599,-103.6343,1192,700,manual,0.03,75.77,2430.0000386682805,manual,0.08,NA,NA,0.25,31.754,104.09733333333334,NA,114,NA,5,NA,2.56,ml,None,None,NA,90.1,208,2.7311282273302817,5500,NA,earthquake_local,HTMS.SC_20200902050800_EV
SC,HTMS,BH,32.472599,-103.6343,1192,700,manual,0.14,67.52,2455.000039227307,manual,0.3,NA,NA,0.25,31.744333333333334,104.05483333333333,NA,131,NA,5,NA,1.95,ml,None,None,NA,89.3,205,2.7628916237079797,5500,NA,earthquake_local,HTMS.SC_20200902065600_EV
SC,HTMS,BH,32.472599,-103.6343,1192,700,manual,0.09,59.78,2414.0000383108854,manual,0.23,NA,NA,0.25,31.758,104.08616666666667,NA,113,NA,5,NA,1.97,ml,None,None,NA,89.2,207,4.810861334495071,5500,NA,earthquake_local,HTMS.SC_20200902085000_EV
SC,HTMS,BH,32.472599,-103.6343,1192,700,manual,0.22,86.75,2516.0000405912288,manual,0.47,NA,NA,0.25,31.758,104.05883333333334,NA,130,NA,5,NA,2.09,ml,None,None,NA,88.1,206,2.6660962790543548,5500,NA,earthquake_local,HTMS.SC_20200902095400_EV
SC,HTMS,BH,32.472599,-103.6343,1192,700,manual,0.03,34.55,2499.0000402107835,manual,0.07,NA,NA,0.25,31.768,104.10533333333333,NA,113,NA,5,NA,2.61,ml,None,None,NA,89.1,209,9.587501639284405,5500,NA,earthquake_local,HTMS.SC_20200902141300_EV
SC,JAL,BH,32.20241,-103.22932,1020,700,manual,0.04,86.42,2558.0000415295362,manual,0.11,NA,NA,0.25,31.741,104.0895,NA,115,NA,5,NA,2.27,ml,None,None,NA,94.6,237,3.922209001591972,5500,NA,earthquake_local,JAL.SC_20200902013500_EV
SC,JAL,BH,32.20241,-103.22932,1020,700,manual,0.05,75.29,2525.0000407919288,manual,0.1,NA,NA,0.25,31.754,104.09733333333334,NA,114,NA,5,NA,2.56,ml,None,None,NA,94.5,238,9.160261094317798,5500,NA,earthquake_local,JAL.SC_20200902050800_EV
SC,JAL,BH,32.20241,-103.22932,1020,700,manual,0.04,51.72,2443.000038959086,manual,0.12,NA,NA,0.25,31.750833333333333,104.086,NA,113,NA,5,NA,2.65,ml,None,None,NA,93.8,238,3.0615828592101275,5500,NA,earthquake_local,JAL.SC_20200902051800_EV
SC,JAL,BH,32.20241,-103.22932,1020,700,manual,0.05,49.63,2456.0000392496586,manual,0.12,NA,NA,0.25,31.749666666666666,104.08316666666667,NA,113,NA,5,NA,2.19,ml,None,None,NA,93.6,238,4.7773994579622325,5500,NA,earthquake_local,JAL.SC_20200902140400_EV
SC,JAL,BH,32.20241,-103.22932,1020,700,manual,0.04,35.25,2521.000040702522,manual,0.09,NA,NA,0.25,31.768,104.10533333333333,NA,113,NA,5,NA,2.61,ml,None,None,NA,94.3,239,8.4639749406808,5500,NA,earthquake_local,JAL.SC_20200902141300_EV
SC,JAL,BH,32.20241,-103.22932,1020,700,manual,0.05,50.31,2698.000044657849,manual,0.13,NA,NA,0.25,31.735333333333333,104.096,NA,116,NA,5,NA,2.31,ml,None,None,NA,95.4,237,5.63436824003885,5500,NA,earthquake_local,JAL.SC_20200902221700_EV
TX,MNHN,BH,31.340231,-102.761414,750,700,manual,0.08,84.45,2940.000050067436,manual,0.09,NA,NA,0.25,31.749333333333333,104.08533333333334,NA,113,NA,5,NA,2.17,ml,None,None,NA,132.8,290,20.35983157064891,5500,NA,earthquake_local,MNHN.TX_20200901060500_EV
TX,MNHN,BH,31.340231,-102.761414,750,700,manual,0.08,60.61,3242.000056817662,manual,0.09,NA,NA,0.25,31.615,104.29433333333333,NA,151,NA,5,NA,2.36,ml,None,None,NA,147.3,282,10.053505750049629,5500,NA,earthquake_local,MNHN.TX_20200901074800_EV
TX,MNHN,BH,31.340231,-102.761414,750,700,manual,0.07,76,3436.0000611543655,manual,0.12,NA,NA,0.25,31.642333333333333,104.4815,NA,156,NA,5,NA,2.01,ml,None,None,NA,165.1,282,10.523782969273686,5500,NA,earthquake_local,MNHN.TX_20200901185100_EV
TX,MNHN,BH,31.340231,-102.761414,750,700,manual,0.25,79.11,3039.000052280724,manual,0.28,NA,NA,0.25,31.752666666666666,104.0665,NA,111,NA,5,NA,1.71,ml,None,None,NA,131.2,290,13.026000698418137,5500,NA,earthquake_local,MNHN.TX_20200901231900_EV
TX,MNHN,BH,31.340231,-102.761414,750,700,manual,0.12,62.43,3509.000062786101,manual,0.23,NA,NA,0.25,31.721166666666665,104.40516666666667,NA,141,NA,5,NA,2.2,ml,None,None,NA,160.3,285,5.11521917593085,5500,NA,earthquake_local,MNHN.TX_20200902005900_EV
TX,MNHN,BH,31.340231,-102.761414,750,700,manual,0.09,80.97,3004.0000514981803,manual,0.09,NA,NA,0.25,31.754,104.09733333333334,NA,114,NA,5,NA,2.56,ml,None,None,NA,134,290,8.914096621076295,5500,NA,earthquake_local,MNHN.TX_20200902050800_EV
TX,MNHN,BH,31.340231,-102.761414,750,700,manual,0.06,57.29,3126.0000542250928,manual,0.04,NA,NA,0.25,31.750833333333333,104.086,NA,113,NA,5,NA,2.65,ml,None,None,NA,132.9,290,6.917142667553765,5500,NA,earthquake_local,MNHN.TX_20200902051800_EV
TX,MNHN,BH,31.340231,-102.761414,750,700,manual,0.11,50.49,2968.0000506937504,manual,0.19,NA,NA,0.25,31.719,104.0805,NA,116,NA,5,NA,2.05,ml,None,None,NA,131.2,289,1.3566879184366272,5500,NA,earthquake_local,MNHN.TX_20200902114500_EV
TX,MNHN,BH,31.340231,-102.761414,750,700,manual,0.09,75.82,3318.00005851686,manual,0.16,NA,NA,0.25,31.696833333333334,104.514,NA,149,NA,5,NA,2.29,ml,None,None,NA,169.5,284,11.95505516681332,5500,NA,earthquake_local,MNHN.TX_20200902115100_EV
TX,MNHN,BH,31.340231,-102.761414,750,700,manual,0.09,80.2,3093.000053487718,manual,0.19,NA,NA,0.25,31.752,104.08066666666667,NA,113,NA,5,NA,2.2,ml,None,None,NA,132.5,290,0.8196544024638084,5500,NA,earthquake_local,MNHN.TX_20200902131000_EV
TX,MNHN,BH,31.340231,-102.761414,750,700,manual,0.3,34.14,3130.0000543147326,manual,0.22,NA,NA,0.25,31.764666666666667,104.04433333333333,NA,140,NA,5,NA,2.29,ml,None,None,NA,129.8,291,3.0823917817717765,5500,NA,earthquake_local,MNHN.TX_20200902132600_EV
TX,MNHN,BH,31.340231,-102.761414,750,700,manual,0.17,78.78,2898.0000491291285,manual,0.35,NA,NA,0.25,31.754666666666665,104.05233333333334,NA,109,NA,5,NA,1.95,ml,None,None,NA,130.1,291,-4.729147704433022,5500,NA,earthquake_local,MNHN.TX_20200902134900_EV
TX,MNHN,BH,31.340231,-102.761414,750,700,manual,0.06,55.15,2961.000050537288,manual,0.12,NA,NA,0.25,31.749666666666666,104.08316666666667,NA,113,NA,5,NA,2.19,ml,None,None,NA,132.6,290,-1.6840595981970972,5500,NA,earthquake_local,MNHN.TX_20200902140400_EV
TX,MNHN,BH,31.340231,-102.761414,750,700,manual,0.05,40.87,3110.0000538676977,manual,0.1,NA,NA,0.25,31.768,104.10533333333333,NA,113,NA,5,NA,2.61,ml,None,None,NA,135.3,291,0.8410486688442503,5500,NA,earthquake_local,MNHN.TX_20200902141300_EV
TX,MNHN,BH,31.340231,-102.761414,750,700,manual,0.09,62.19,3441.0000612661242,manual,0.16,NA,NA,0.25,31.709833333333332,104.3605,NA,140,NA,5,NA,2.13,ml,None,None,NA,155.9,285,5.692336065979088,5500,NA,earthquake_local,MNHN.TX_20200902165300_EV
TX,MNHN,BH,31.340231,-102.761414,750,700,manual,0.19,74.2,2934.000049933791,manual,0.35,NA,NA,0.25,31.745333333333335,104.084,NA,114,NA,5,NA,2.1,ml,None,None,NA,132.5,290,12.03311651098786,5500,NA,earthquake_local,MNHN.TX_20200902204500_EV
TX,MNHN,BH,31.340231,-102.761414,750,700,manual,0.06,57.25,3091.0000534430146,manual,0.11,NA,NA,0.25,31.735333333333333,104.096,NA,116,NA,5,NA,2.31,ml,None,None,NA,133.2,289,14.02776870279208,5500,NA,earthquake_local,MNHN.TX_20200902221700_EV
TX,ODSA,BH,32.12009,-102.549133,943,700,manual,0.05,66.16,3467.000061847735,manual,0.08,NA,NA,0.25,31.615,104.29433333333333,NA,151,NA,5,NA,2.36,ml,None,None,NA,171.6,251,1.4967496034932972,5500,NA,earthquake_local,ODSA.TX_20200901074800_EV
TX,ODSA,BH,32.12009,-102.549133,943,700,manual,0.04,60.4,3222.00005637086,manual,0.03,NA,NA,0.25,31.750833333333333,104.086,NA,113,NA,5,NA,2.65,ml,None,None,NA,148.7,254,10.732241646897759,5500,NA,earthquake_local,ODSA.TX_20200902051800_EV
TX,ODSA,BH,32.12009,-102.549133,943,700,manual,0.03,43.82,3170.000055208802,manual,0.04,NA,NA,0.25,31.768,104.10533333333333,NA,113,NA,5,NA,2.61,ml,None,None,NA,149.9,255,4.952664585549508,5500,NA,earthquake_local,ODSA.TX_20200902141300_EV
TX,PB07,BH,31.57935,-103.66793,856,700,manual,0.37,36.82,2013.000029347837,manual,0.22,NA,NA,0.25,31.5965,104.12483333333333,NA,139,NA,5,NA,2.21,ml,None,None,NA,42.9,273,9.65553812471137,5500,NA,earthquake_local,PB07.TX_20200901032600_EV
TX,PB07,BH,31.57935,-103.66793,856,700,manual,0.15,70.57,1797.0000245198607,manual,0.14,NA,NA,0.25,31.749333333333333,104.08533333333334,NA,113,NA,5,NA,2.17,ml,None,None,NA,43.6,296,1.396098772538702,5500,NA,earthquake_local,PB07.TX_20200901060500_EV
TX,PB07,BH,31.57935,-103.66793,856,700,manual,0.17,82.21,2258.0000348240137,manual,0.52,NA,NA,0.25,31.216,103.33833333333334,NA,213,NA,5,NA,1.66,ml,None,None,NA,51.2,142,11.60496468830214,5500,NA,earthquake_local,PB07.TX_20200901064900_EV
TX,PB07,BH,31.57935,-103.66793,856,700,manual,0.09,27.12,1928.000027447939,manual,0.37,NA,NA,0.5,31.755166666666668,104.05983333333333,NA,110,NA,5,NA,1.8,ml,None,None,NA,41.8,298,0.46355365162575296,5500,NA,earthquake_local,PB07.TX_20200901095900_EV
TX,PB07,BH,31.57935,-103.66793,856,700,manual,0.06,64.53,2107.000031449832,manual,0.2,NA,NA,0.5,31.642333333333333,104.4815,NA,156,NA,5,NA,2.01,ml,None,None,NA,76.6,275,5.221031468104227,5500,NA,earthquake_local,PB07.TX_20200901185100_EV
TX,PB07,BH,31.57935,-103.66793,856,700,manual,0.12,83.7,2296.0000356752425,manual,0.22,NA,NA,0.25,31.728666666666665,104.38766666666666,NA,139,NA,5,NA,2.13,ml,None,None,NA,69.6,284,8.301959841171659,5500,NA,earthquake_local,PB07.TX_20200901234300_EV
TX,PB07,BH,31.57935,-103.66793,856,700,manual,0.34,78.71,1928.000027447939,manual,0.19,NA,NA,0,31.741,104.0895,NA,115,NA,5,NA,2.27,ml,None,None,NA,43.6,294,3.0570837973245677,5500,NA,earthquake_local,PB07.TX_20200902013500_EV
TX,PB07,BH,31.57935,-103.66793,856,700,manual,0.17,67.21,1759.0000236704946,manual,0.15,NA,NA,0.25,31.754,104.09733333333334,NA,114,NA,5,NA,2.56,ml,None,None,NA,44.9,296,9.94922490974666,5500,NA,earthquake_local,PB07.TX_20200902050800_EV
TX,PB07,BH,31.57935,-103.66793,856,700,manual,0.12,43.67,1938.0000276714563,manual,0.21,NA,NA,0.25,31.750833333333333,104.086,NA,113,NA,5,NA,2.65,ml,None,None,NA,43.8,296,4.928916633815636,5500,NA,earthquake_local,PB07.TX_20200902051800_EV
TX,PB07,BH,31.57935,-103.66793,856,700,manual,0.07,79.45,2027.0000296607614,manual,0.28,NA,NA,0.5,31.671,104.21433333333333,NA,136,NA,5,NA,1.02,ml,None,None,NA,52.3,281,-1.6568228630104365,5500,NA,earthquake_local,PB07.TX_20200902053800_EV
TX,PB07,BH,31.57935,-103.66793,856,700,manual,0.16,88.5,1788.000024318695,manual,0.08,NA,NA,0.25,31.761,104.081,NA,112,NA,5,NA,2.46,ml,None,None,NA,43.9,297,2.2713980003211494,5500,NA,earthquake_local,PB07.TX_20200902070200_EV
TX,PB07,BH,31.57935,-103.66793,856,700,manual,0.21,51.7,1841.0000255033374,manual,0.39,NA,NA,0.25,31.758,104.08616666666667,NA,113,NA,5,NA,1.97,ml,None,None,NA,44.1,297,4.752925072484204,5500,NA,earthquake_local,PB07.TX_20200902085000_EV
TX,PB07,BH,31.57935,-103.66793,856,700,manual,0.08,61.08,2393.000037841499,manual,0.13,NA,NA,0.5,31.696833333333334,104.514,NA,149,NA,5,NA,2.29,ml,None,None,NA,80.4,279,6.2101833998577485,5500,NA,earthquake_local,PB07.TX_20200902115100_EV
TX,PB07,BH,31.57935,-103.66793,856,700,manual,0.12,41.38,1890.0000265985727,manual,0.22,NA,NA,0.25,31.749666666666666,104.08316666666667,NA,113,NA,5,NA,2.19,ml,None,None,NA,43.5,296,7.101612720245876,5500,NA,earthquake_local,PB07.TX_20200902140400_EV
TX,PB07,BH,31.57935,-103.66793,856,700,manual,0.11,27.35,2060.000030398369,manual,0.19,NA,NA,0.25,31.768,104.10533333333333,NA,113,NA,5,NA,2.61,ml,None,None,NA,46.3,297,4.404347479400549,5500,NA,earthquake_local,PB07.TX_20200902141300_EV
TX,PB07,BH,31.57935,-103.66793,856,700,manual,0.12,43.16,1986.00002874434,manual,0.21,NA,NA,0.25,31.735333333333333,104.096,NA,116,NA,5,NA,2.31,ml,None,None,NA,43.9,293,3.2881723310129845,5500,NA,earthquake_local,PB07.TX_20200902221700_EV
TX,PB11,BH,31.93553,-104.034119,915,700,manual,0.11,66.88,1735.0000231340528,manual,0.24,NA,NA,0.25,31.749333333333333,104.08533333333334,NA,113,NA,5,NA,2.17,ml,None,None,NA,21.1,192,7.045169892729182,5500,NA,earthquake_local,PB11.TX_20200901060500_EV
TX,PB11,BH,31.93553,-104.034119,915,700,manual,0.09,43.55,2102.000031337142,manual,0.26,NA,NA,0.25,31.615,104.29433333333333,NA,151,NA,5,NA,2.36,ml,None,None,NA,42.8,214,6.683140238549447,5500,NA,earthquake_local,PB11.TX_20200901074800_EV
TX,PB11,BH,31.93553,-104.034119,915,700,manual,0.11,23.76,1737.0000231782906,manual,0.22,NA,NA,0.25,31.755166666666668,104.05983333333333,NA,110,NA,5,NA,1.8,ml,None,None,NA,20.1,186,4.499480576959769,5500,NA,earthquake_local,PB11.TX_20200901095900_EV
TX,PB11,BH,31.93553,-104.034119,915,700,manual,0.09,40.37,1753.000023536384,manual,0.22,NA,NA,0.25,31.7275,104.1175,NA,119,NA,5,NA,2.2,ml,None,None,NA,24.3,198,8.42859586804117,5500,NA,earthquake_local,PB11.TX_20200901103700_EV
TX,PB11,BH,31.93553,-104.034119,915,700,manual,0.1,47.74,1867.0000260844827,manual,0.26,NA,NA,0.25,31.66433333333333,104.18716666666667,NA,134,NA,5,NA,2.13,ml,None,None,NA,33.1,205,2.2734551076751197,5500,NA,earthquake_local,PB11.TX_20200901131900_EV
TX,PB11,BH,31.93553,-104.034119,915,700,manual,0.04,58.46,2125.000031851232,manual,0.19,NA,NA,0.5,31.642333333333333,104.4815,NA,156,NA,5,NA,2.01,ml,None,None,NA,52.7,232,6.102067788944528,5500,NA,earthquake_local,PB11.TX_20200901185100_EV
TX,PB11,BH,31.93553,-104.034119,915,700,manual,0.23,61.69,1717.0000227317214,manual,0.51,NA,NA,0.25,31.752666666666666,104.0665,NA,111,NA,5,NA,1.71,ml,None,None,NA,20.5,188,7.227222971080129,5500,NA,earthquake_local,PB11.TX_20200901231900_EV
TX,PB11,BH,31.93553,-104.034119,915,700,manual,0.06,74.75,1726.000022932887,manual,0.13,NA,NA,0.25,31.741,104.0895,NA,115,NA,5,NA,2.27,ml,None,None,NA,22.1,193,5.40032966286774,5500,NA,earthquake_local,PB11.TX_20200902013500_EV
TX,PB11,BH,31.93553,-104.034119,915,700,manual,0.06,63.27,1731.0000230446458,manual,0.13,NA,NA,0.25,31.754,104.09733333333334,NA,114,NA,5,NA,2.56,ml,None,None,NA,20.9,196,8.784085841948055,5500,NA,earthquake_local,PB11.TX_20200902050800_EV
TX,PB11,BH,31.93553,-104.034119,915,700,manual,0.06,39.82,1719.000022776192,manual,0.13,NA,NA,0.25,31.750833333333333,104.086,NA,113,NA,5,NA,2.65,ml,None,None,NA,21,193,5.537965974754517,5500,NA,earthquake_local,PB11.TX_20200902051800_EV
TX,PB11,BH,31.93553,-104.034119,915,700,manual,0.08,75.66,1878.000026330119,manual,0.23,NA,NA,0.5,31.671,104.21433333333333,NA,136,NA,5,NA,1.02,ml,None,None,NA,33.6,209,2.307583092737671,5500,NA,earthquake_local,PB11.TX_20200902053800_EV
TX,PB11,BH,31.93553,-104.034119,915,700,manual,0.14,55.34,1751.0000234916806,manual,0.28,NA,NA,0.25,31.744333333333334,104.05483333333333,NA,131,NA,5,NA,1.95,ml,None,None,NA,21.3,184,5.60956951350121,5500,NA,earthquake_local,PB11.TX_20200902065600_EV
TX,PB11,BH,31.93553,-104.034119,915,700,manual,0.06,84.68,1630.0000207871199,manual,0.06,NA,NA,0.25,31.761,104.081,NA,112,NA,5,NA,2.46,ml,None,None,NA,19.8,192,5.0417572001387505,5500,NA,earthquake_local,PB11.TX_20200902070200_EV
TX,PB11,BH,31.93553,-104.034119,915,700,manual,0.3,44.5,1848.0000256597996,manual,0.31,NA,NA,0.25,31.6965,104.15066666666667,NA,126,NA,5,NA,1.7,ml,None,None,NA,28.5,202,4.789949687470569,5500,NA,earthquake_local,PB11.TX_20200902071900_EV
TX,PB11,BH,31.93553,-104.034119,915,700,manual,0.12,47.43,1722.00002284348,manual,0.31,NA,NA,0.25,31.758,104.08616666666667,NA,113,NA,5,NA,1.97,ml,None,None,NA,20.2,193,4.656343935542739,5500,NA,earthquake_local,PB11.TX_20200902085000_EV
TX,PB11,BH,31.93553,-104.034119,915,700,manual,0.2,21.45,1990.000028833747,manual,0.81,NA,NA,0.5,31.7145,104.08366666666667,NA,141,NA,5,NA,1.11,ml,None,None,NA,24.9,190,4.990955172312489,5500,NA,earthquake_local,PB11.TX_20200902085800_EV
TX,PB11,BH,31.93553,-104.034119,915,700,manual,0.1,56.48,2104.000031380914,manual,0.21,NA,NA,0.25,31.696833333333334,104.514,NA,149,NA,5,NA,2.29,ml,None,None,NA,51.8,239,5.318009773669109,5500,NA,earthquake_local,PB11.TX_20200902115100_EV
TX,PB11,BH,31.93553,-104.034119,915,700,manual,0.15,24.88,1784.0000242302194,manual,0.37,NA,NA,0.25,31.6445,104.27433333333333,NA,145,NA,5,NA,2.18,ml,None,None,NA,39.1,214,3.3824741333635497,5500,NA,earthquake_local,PB11.TX_20200902121600_EV
TX,PB11,BH,31.93553,-104.034119,915,700,manual,0.14,62.33,1733.0000230893493,manual,0.33,NA,NA,0.25,31.752,104.08066666666667,NA,113,NA,5,NA,2.2,ml,None,None,NA,20.7,191,4.110559048008542,5500,NA,earthquake_local,PB11.TX_20200902131000_EV
TX,PB11,BH,31.93553,-104.034119,915,700,manual,0.13,61.28,1689.0000221058726,manual,0.28,NA,NA,0.5,31.754666666666665,104.05233333333334,NA,109,NA,5,NA,1.95,ml,None,None,NA,20.1,184,5.409870610638116,5500,NA,earthquake_local,PB11.TX_20200902134900_EV
TX,PB11,BH,31.93553,-104.034119,915,700,manual,0.07,37.47,1701.0000223740935,manual,0.14,NA,NA,0.25,31.749666666666666,104.08316666666667,NA,113,NA,5,NA,2.19,ml,None,None,NA,21.1,192,3.7028027747461607,5500,NA,earthquake_local,PB11.TX_20200902140400_EV
TX,PB11,BH,31.93553,-104.034119,915,700,manual,0.05,23.28,1724.0000228881836,manual,0.11,NA,NA,0.25,31.768,104.10533333333333,NA,113,NA,5,NA,2.61,ml,None,None,NA,19.6,199,5.93766054705614,5500,NA,earthquake_local,PB11.TX_20200902141300_EV
TX,PB11,BH,31.93553,-104.034119,915,700,manual,0.1,72.52,1724.000022889115,manual,0.2,NA,NA,0.25,31.739,104.07433333333333,NA,113,NA,5,NA,2.08,ml,None,None,NA,22.1,189,4.245826490565173,5500,NA,earthquake_local,PB11.TX_20200902160000_EV
TX,PB11,BH,31.93553,-104.034119,915,700,manual,0.04,44.61,1869.0000261291862,manual,0.21,NA,NA,0.5,31.709833333333332,104.3605,NA,140,NA,5,NA,2.13,ml,None,None,NA,39.2,230,3.303968523099814,5500,NA,earthquake_local,PB11.TX_20200902165300_EV
TX,PB11,BH,31.93553,-104.034119,915,700,manual,0.19,37.32,1939.000027693808,manual,0.47,NA,NA,0.25,31.618166666666667,104.20383333333334,NA,143,NA,5,NA,2.06,ml,None,None,NA,38.4,204,4.481120322071832,5500,NA,earthquake_local,PB11.TX_20200902180300_EV
TX,PB11,BH,31.93553,-104.034119,915,700,manual,0.12,56.03,1726.000022932887,manual,0.26,NA,NA,0.25,31.745333333333335,104.084,NA,114,NA,5,NA,2.1,ml,None,None,NA,21.5,192,4.146875060495143,5500,NA,earthquake_local,PB11.TX_20200902204500_EV
TX,PB11,BH,31.93553,-104.034119,915,700,manual,0.07,39.6,1731.0000230437145,manual,0.16,NA,NA,0.25,31.735333333333333,104.096,NA,116,NA,5,NA,2.31,ml,None,None,NA,22.9,194,4.4599728291956096,5500,NA,earthquake_local,PB11.TX_20200902221700_EV
TX,PB11,BH,31.93553,-104.034119,915,700,manual,0.08,81.94,1715.000022687018,manual,0.17,NA,NA,0.25,31.729333333333333,104.08566666666667,NA,116,NA,5,NA,2.23,ml,None,None,NA,23.3,191,3.5638899796024903,5500,NA,earthquake_local,PB11.TX_20200902230600_EV
SC,PDB,BH,32.0722,-103.59662,1025,700,manual,0.05,81.01,2129.000031940639,manual,0.13,NA,NA,0.25,31.741,104.0895,NA,115,NA,5,NA,2.27,ml,None,None,NA,58.5,231,4.359758654988992,5500,NA,earthquake_local,PDB.SC_20200902013500_EV
SC,PDB,BH,32.0722,-103.59662,1025,700,manual,0.05,69.35,2173.0000329243485,manual,0.12,NA,NA,0.25,31.754,104.09733333333334,NA,114,NA,5,NA,2.56,ml,None,None,NA,58.2,233,2.568314323021295,5500,NA,earthquake_local,PDB.SC_20200902050800_EV
SC,PDB,BH,32.0722,-103.59662,1025,700,manual,0.05,46.09,2151.0000324321445,manual,0.14,NA,NA,0.25,31.750833333333333,104.086,NA,113,NA,5,NA,2.65,ml,None,None,NA,57.6,232,4.802217073098044,5500,NA,earthquake_local,PDB.SC_20200902051800_EV
SC,PDB,BH,32.0722,-103.59662,1025,700,manual,0.06,90.79,2159.0000326111913,manual,0.15,NA,NA,0.25,31.761,104.081,NA,112,NA,5,NA,2.46,ml,None,None,NA,56.5,232,3.304514171741713,5500,NA,earthquake_local,PDB.SC_20200902070200_EV
SC,PDB,BH,32.0722,-103.59662,1025,700,manual,0.11,37.89,2313.000036052428,manual,0.29,NA,NA,0.25,31.719,104.0805,NA,116,NA,5,NA,2.05,ml,None,None,NA,59.4,229,3.938339202701619,5500,NA,earthquake_local,PDB.SC_20200902114500_EV
SC,PDB,BH,32.0722,-103.59662,1025,700,manual,0.04,29.71,2154.0000324994326,manual,0.11,NA,NA,0.25,31.768,104.10533333333333,NA,113,NA,5,NA,2.61,ml,None,None,NA,57.9,234,2.8437411855870165,5500,NA,earthquake_local,PDB.SC_20200902141300_EV
SC,PDB,BH,32.0722,-103.59662,1025,700,manual,0.06,45.12,2193.000033372082,manual,0.16,NA,NA,0.25,31.735333333333333,104.096,NA,116,NA,5,NA,2.31,ml,None,None,NA,59.4,231,3.760460171025346,5500,NA,earthquake_local,PDB.SC_20200902221700_EV
SC,PDB,BH,32.0722,-103.59662,1025,700,manual,0.04,89.07,2067.000030554831,manual,0.21,NA,NA,0.5,31.729333333333333,104.08566666666667,NA,116,NA,5,NA,2.23,ml,None,None,NA,59,230,0.32544987680564375,5500,NA,earthquake_local,PDB.SC_20200902230600_EV
TX,PECS,BH,31.370449,-103.866966,914,700,manual,0.38,79.54,1873.0000262185931,manual,0.61,NA,NA,0.25,31.701833333333333,103.993,NA,191,NA,5,NA,1.85,ml,None,None,NA,38.8,341,3.6970227046088597,5500,NA,earthquake_local,PECS.TX_20200901013100_EV
TX,PECS,BH,31.370449,-103.866966,914,700,manual,0.37,55.91,1859.0000259056687,manual,0.63,NA,NA,0.25,31.6535,104.05766666666666,NA,175,NA,5,NA,1.64,ml,None,None,NA,36.3,330,2.3935485999717745,5500,NA,earthquake_local,PECS.TX_20200901013500_EV
TX,PECS,BH,31.370449,-103.866966,914,700,manual,0.35,90.6,1858.000025883317,manual,0.53,NA,NA,0.25,31.572666666666667,104.22016666666667,NA,153,NA,5,NA,2.03,ml,None,None,NA,40.2,304,5.33741651394653,5500,NA,earthquake_local,PECS.TX_20200901023700_EV
TX,PECS,BH,31.370449,-103.866966,914,700,manual,0.22,34.83,1678.0000218600035,manual,0.38,NA,NA,0.5,31.5965,104.12483333333333,NA,139,NA,5,NA,2.21,ml,None,None,NA,35.1,316,12.793303814687466,5500,NA,earthquake_local,PECS.TX_20200901032600_EV
TX,PECS,BH,31.370449,-103.866966,914,700,manual,0.34,51.36,2013.000029347837,manual,0.62,NA,NA,0.25,31.748833333333334,104.29816666666666,NA,143,NA,5,NA,1.85,ml,None,None,NA,58.6,316,9.888534436447804,5500,NA,earthquake_local,PECS.TX_20200901040500_EV
TX,PECS,BH,31.370449,-103.866966,914,700,manual,0.2,70.6,1952.0000279843807,manual,0.34,NA,NA,0.25,31.749333333333333,104.08533333333334,NA,113,NA,5,NA,2.17,ml,None,None,NA,47,333,12.132593332509405,5500,NA,earthquake_local,PECS.TX_20200901060500_EV
TX,PECS,BH,31.370449,-103.866966,914,700,manual,0.43,83.59,2056.000030308962,manual,0.56,NA,NA,0.25,31.216,103.33833333333334,NA,213,NA,5,NA,1.66,ml,None,None,NA,52.7,109,6.131821118439876,5500,NA,earthquake_local,PECS.TX_20200901064900_EV
TX,PECS,BH,31.370449,-103.866966,914,700,manual,0.45,39.96,1817.0000249673612,manual,0.75,NA,NA,0.25,31.599166666666665,104.17616666666666,NA,204,NA,5,NA,1.97,ml,None,None,NA,38.8,311,6.45652095294412,5500,NA,earthquake_local,PECS.TX_20200901073300_EV
TX,PECS,BH,31.370449,-103.866966,914,700,manual,0.22,45.41,2106.0000314270146,manual,0.37,NA,NA,0.25,31.615,104.29433333333333,NA,151,NA,5,NA,2.36,ml,None,None,NA,48.7,304,12.788230790138241,5500,NA,earthquake_local,PECS.TX_20200901074800_EV
TX,PECS,BH,31.370449,-103.866966,914,700,manual,0.36,72.58,2120.0000317390077,manual,0.63,NA,NA,0.25,31.622166666666665,104.29533333333333,NA,150,NA,5,NA,2.29,ml,None,None,NA,49.2,305,7.795755407508888,5500,NA,earthquake_local,PECS.TX_20200901075300_EV
TX,PECS,BH,31.370449,-103.866966,914,700,manual,0.22,27.64,1969.000028364826,manual,0.38,NA,NA,0.25,31.755166666666668,104.05983333333333,NA,110,NA,5,NA,1.8,ml,None,None,NA,46.6,336,12.707514197737535,5500,NA,earthquake_local,PECS.TX_20200901095900_EV
TX,PECS,BH,31.370449,-103.866966,914,700,manual,0.24,43.32,1948.0000278949738,manual,0.41,NA,NA,0.25,31.7275,104.1175,NA,119,NA,5,NA,2.2,ml,None,None,NA,46.3,329,8.846998315767353,5500,NA,earthquake_local,PECS.TX_20200901103700_EV
TX,PECS,BH,31.370449,-103.866966,914,700,manual,0.52,43.56,1922.0000273147598,manual,0.45,NA,NA,0.25,31.6795,104.16033333333333,NA,159,NA,5,NA,1.71,ml,None,None,NA,44.2,321,16.11778026815664,5500,NA,earthquake_local,PECS.TX_20200901115800_EV
TX,PECS,BH,31.370449,-103.866966,914,700,manual,0.26,49.66,1953.0000280067325,manual,0.44,NA,NA,0.25,31.66433333333333,104.18716666666667,NA,134,NA,5,NA,2.13,ml,None,None,NA,44.6,317,5.544843533712419,5500,NA,earthquake_local,PECS.TX_20200901131900_EV
TX,PECS,BH,31.370449,-103.866966,914,700,manual,0.33,67.41,2264.000034958124,manual,0.62,NA,NA,0.25,31.729,104.53916666666667,NA,145,NA,5,NA,1.99,ml,None,None,NA,74.9,302,-0.43197321009002265,5500,NA,earthquake_local,PECS.TX_20200901135800_EV
TX,PECS,BH,31.370449,-103.866966,914,700,manual,0.46,60.18,2221.0000339969993,manual,0.82,NA,NA,0.5,32.0035,103.71866666666666,NA,244,NA,5,NA,1.67,ml,None,None,NA,71.4,10,-1.732379751286184,5500,NA,earthquake_local,PECS.TX_20200901151500_EV
TX,PECS,BH,31.370449,-103.866966,914,700,manual,0.35,37.03,2108.0000314721838,manual,0.62,NA,NA,0.25,31.691333333333333,104.22283333333333,NA,150,NA,5,NA,1.76,ml,None,None,NA,49.1,316,2.1609007753693192,5500,NA,earthquake_local,PECS.TX_20200901154500_EV
TX,PECS,BH,31.370449,-103.866966,914,700,manual,0.18,59.7,2242.000034466386,manual,0.3,NA,NA,0.25,31.642333333333333,104.4815,NA,156,NA,5,NA,2.01,ml,None,None,NA,65.3,297,18.763232579220496,5500,NA,earthquake_local,PECS.TX_20200901185100_EV
TX,PECS,BH,31.370449,-103.866966,914,700,manual,0.35,56.25,2237.000034354627,manual,0.62,NA,NA,0.25,31.66583333333333,104.45166666666667,NA,151,NA,5,NA,2.07,ml,None,None,NA,64.2,301,2.7613066931790256,5500,NA,earthquake_local,PECS.TX_20200901195100_EV
TX,PECS,BH,31.370449,-103.866966,914,700,manual,0.33,84.32,2297.000035693869,manual,0.62,NA,NA,0.25,31.74266666666667,104.51666666666667,NA,142,NA,5,NA,1.94,ml,None,None,NA,74,304,6.816095278048838,5500,NA,earthquake_local,PECS.TX_20200901225800_EV
TX,PECS,BH,31.370449,-103.866966,914,700,manual,0.33,92.32,1966.0000282963738,manual,0.61,NA,NA,0.25,31.701166666666666,104.31766666666667,NA,139,NA,5,NA,2.19,ml,None,None,NA,56.3,311,8.27236567074044,5500,NA,earthquake_local,PECS.TX_20200901230400_EV
TX,PECS,BH,31.370449,-103.866966,914,700,manual,0.2,81.8,2124.0000318270177,manual,0.17,NA,NA,0.25,31.728666666666665,104.38766666666666,NA,139,NA,5,NA,2.13,ml,None,None,NA,63.3,309,8.402925430254921,5500,NA,earthquake_local,PECS.TX_20200901234300_EV
TX,PECS,BH,31.370449,-103.866966,914,700,manual,0.24,46.17,2278.0000352709903,manual,0.43,NA,NA,0.25,31.721166666666665,104.40516666666667,NA,141,NA,5,NA,2.2,ml,None,None,NA,64.1,307,5.280350744598657,5500,NA,earthquake_local,PECS.TX_20200902005900_EV
TX,PECS,BH,31.370449,-103.866966,914,700,manual,0.18,78.52,1930.0000274926424,manual,0.15,NA,NA,0.25,31.741,104.0895,NA,115,NA,5,NA,2.27,ml,None,None,NA,46.3,332,-1.2235244703869441,5500,NA,earthquake_local,PECS.TX_20200902013500_EV
TX,PECS,BH,31.370449,-103.866966,914,700,manual,0.34,20.54,1745.0000233574538,manual,0.61,NA,NA,0.5,31.621,104.14966666666666,NA,153,NA,5,NA,1.9,ml,None,None,NA,38.6,316,4.405922710390321,5500,NA,earthquake_local,PECS.TX_20200902023700_EV
TX,PECS,BH,31.370449,-103.866966,914,700,manual,0.21,50.67,1986.00002874434,manual,0.76,NA,NA,0.5,31.652333333333335,104.24366666666667,NA,142,NA,5,NA,1.97,ml,None,None,NA,47.5,311,8.620269278458267,5500,NA,earthquake_local,PECS.TX_20200902024600_EV
TX,PECS,BH,31.370449,-103.866966,914,700,manual,0.34,29.27,2203.0000335945515,manual,0.62,NA,NA,0.25,31.740833333333335,104.36416666666666,NA,136,NA,5,NA,2.24,ml,None,None,NA,62.5,311,8.094884653047753,5499.999999999884,NA,earthquake_local,PECS.TX_20200902025400_EV
TX,PECS,BH,31.370449,-103.866966,914,700,manual,0.34,51.58,2131.0000319853425,manual,0.62,NA,NA,0.25,31.7045,104.32533333333333,NA,139,NA,5,NA,2.27,ml,None,None,NA,57.1,310,-0.3707269336315957,5500,NA,earthquake_local,PECS.TX_20200902032100_EV
TX,PECS,BH,31.370449,-103.866966,914,700,manual,0.45,62.46,2228.0000341534615,manual,0.6,NA,NA,0.25,31.9935,103.73,NA,242,NA,5,NA,1.75,ml,None,None,NA,70.1,10,7.421186072818324,5500,NA,earthquake_local,PECS.TX_20200902035400_EV
TX,PECS,BH,31.370449,-103.866966,914,700,manual,0.65,37.83,1940.0000277161598,manual,0.33,NA,NA,0.25,31.678,104.17466666666667,NA,165,NA,5,NA,1.92,ml,None,None,NA,45,319,3.623593453142266,5500,NA,earthquake_local,PECS.TX_20200902041800_EV
TX,PECS,BH,31.370449,-103.866966,914,700,manual,0.34,33.18,2392.000037819147,manual,0.62,NA,NA,0.25,31.676166666666667,104.52433333333333,NA,153,NA,5,NA,1.67,ml,None,None,NA,70.7,299,6.530462394532583,5500,NA,earthquake_local,PECS.TX_20200902042000_EV
TX,PECS,BH,31.370449,-103.866966,914,700,manual,0.18,43.6,1882.0000264197588,manual,0.31,NA,NA,0.25,31.750833333333333,104.086,NA,113,NA,5,NA,2.65,ml,None,None,NA,47.2,333,13.60641126311922,5500,NA,earthquake_local,PECS.TX_20200902051800_EV
TX,PECS,BH,31.370449,-103.866966,914,700,manual,0.21,77.53,1947.0000278728548,manual,0.34,NA,NA,0.25,31.671,104.21433333333333,NA,136,NA,5,NA,1.02,ml,None,None,NA,46.9,315,3.4637687839065787,5500,NA,earthquake_local,PECS.TX_20200902053800_EV
TX,PECS,BH,31.370449,-103.866966,914,700,manual,0.32,59.28,1931.0000275149941,manual,0.57,NA,NA,0.25,31.744333333333334,104.05483333333333,NA,131,NA,5,NA,1.95,ml,None,None,NA,45.3,336,5.140011650656653,5500,NA,earthquake_local,PECS.TX_20200902065600_EV
TX,PECS,BH,31.370449,-103.866966,914,700,manual,0.23,88.4,2039.0000299289823,manual,0.19,NA,NA,0.25,31.761,104.081,NA,112,NA,5,NA,2.46,ml,None,None,NA,48,335,1.5204876985598392,5500,NA,earthquake_local,PECS.TX_20200902070200_EV
TX,PECS,BH,31.370449,-103.866966,914,700,manual,0.47,47.52,1942.0000277608633,manual,0.41,NA,NA,0.25,31.6965,104.15066666666667,NA,126,NA,5,NA,1.7,ml,None,None,NA,45.2,323,5.677395524583045,5500,NA,earthquake_local,PECS.TX_20200902071900_EV
TX,PECS,BH,31.370449,-103.866966,914,700,manual,0.26,84.3,1755.0000235810876,manual,0.5,NA,NA,0.25,31.623,103.95183333333334,NA,110,NA,5,NA,1.41,ml,None,None,NA,29.2,343,11.288230449629154,5500,NA,earthquake_local,PECS.TX_20200902073500_EV
TX,PECS,BH,31.370449,-103.866966,914,700,manual,0.26,51.48,2131.0000319853425,manual,0.48,NA,NA,0.25,31.439333333333334,103.39216666666667,NA,159,NA,5,NA,2.31,ml,None,None,NA,45,80,10.120129755926202,5500,NA,earthquake_local,PECS.TX_20200902081200_EV
TX,PECS,BH,31.370449,-103.866966,914,700,manual,0.21,57.56,1850.000025704503,manual,0.74,NA,NA,0.5,31.670833333333334,104.46666666666667,NA,151,NA,5,NA,1.96,ml,None,None,NA,65.7,300,7.6362295918087595,5500,NA,earthquake_local,PECS.TX_20200902083000_EV
TX,PECS,BH,31.370449,-103.866966,914,700,manual,0.33,38.75,2090.000031068921,manual,0.59,NA,NA,0.5,31.704,104.525,NA,148,NA,5,NA,1.83,ml,None,None,NA,72.3,301,6.013918658687077,5500,NA,earthquake_local,PECS.TX_20200902083600_EV
TX,PECS,BH,31.370449,-103.866966,914,700,manual,0.35,26.25,2018.0000294595957,manual,0.64,NA,NA,0.5,31.7145,104.08366666666667,NA,141,NA,5,NA,1.11,ml,None,None,NA,43.5,331,11.024382853775009,5500,NA,earthquake_local,PECS.TX_20200902085800_EV
TX,PECS,BH,31.370449,-103.866966,914,700,manual,0.33,78.6,2032.00002977252,manual,0.58,NA,NA,0.25,31.758,104.05883333333334,NA,130,NA,5,NA,2.09,ml,None,None,NA,46.8,337,9.72990347571275,5500,NA,earthquake_local,PECS.TX_20200902095400_EV
TX,PECS,BH,31.370449,-103.866966,914,700,manual,0.24,80.17,2201.00003355043,manual,0.41,NA,NA,0.25,31.6895,104.39833333333333,NA,145,NA,5,NA,2.05,ml,None,None,NA,61.4,305,5.112104370952178,5500,NA,earthquake_local,PECS.TX_20200902101300_EV
TX,PECS,BH,31.370449,-103.866966,914,700,manual,0.35,83.23,2027.0000296607614,manual,0.62,NA,NA,0.25,31.675833333333333,104.2695,NA,140,NA,5,NA,1.96,ml,None,None,NA,51,312,5.7280781526297595,5500,NA,earthquake_local,PECS.TX_20200902103300_EV
TX,PECS,BH,31.370449,-103.866966,914,700,manual,0.32,26.01,1891.0000266209245,manual,0.58,NA,NA,0.25,31.6445,104.27433333333333,NA,145,NA,5,NA,2.18,ml,None,None,NA,49.1,308,1.6135397908821134,5500,NA,earthquake_local,PECS.TX_20200902121600_EV
TX,PECS,BH,31.370449,-103.866966,914,700,manual,0.2,65.83,1993.0000289008021,manual,0.36,NA,NA,0.25,31.752,104.08066666666667,NA,113,NA,5,NA,2.2,ml,None,None,NA,47.1,334,5.70136510995141,5500,NA,earthquake_local,PECS.TX_20200902131000_EV
TX,PECS,BH,31.370449,-103.866966,914,700,manual,0.36,20.92,1824.0000251233578,manual,0.32,NA,NA,0.25,31.764666666666667,104.04433333333333,NA,140,NA,5,NA,2.29,ml,None,None,NA,47,339,2.8632663020137756,5500,NA,earthquake_local,PECS.TX_20200902132600_EV
TX,PECS,BH,31.370449,-103.866966,914,700,manual,0.25,64.59,1936.0000276267529,manual,0.45,NA,NA,0.25,31.754666666666665,104.05233333333334,NA,109,NA,5,NA,1.95,ml,None,None,NA,46.2,337,-0.8087311320326256,5500,NA,earthquake_local,PECS.TX_20200902134900_EV
TX,PECS,BH,31.370449,-103.866966,914,700,manual,0.18,41.2,1959.000028140843,manual,0.3,NA,NA,0.25,31.749666666666666,104.08316666666667,NA,113,NA,5,NA,2.19,ml,None,None,NA,46.9,334,3.254816090734245,5500,NA,earthquake_local,PECS.TX_20200902140400_EV
TX,PECS,BH,31.370449,-103.866966,914,700,manual,0.17,27.17,2022.0000295490026,manual,0.28,NA,NA,0.25,31.768,104.10533333333333,NA,113,NA,5,NA,2.61,ml,None,None,NA,49.7,333,0.10034702361828865,5500,NA,earthquake_local,PECS.TX_20200902141300_EV
TX,PECS,BH,31.370449,-103.866966,914,700,manual,0.25,76.09,1922.0000273138285,manual,0.43,NA,NA,0.25,31.739,104.07433333333333,NA,113,NA,5,NA,2.08,ml,None,None,NA,45.5,334,0.11910139934295122,5500,NA,earthquake_local,PECS.TX_20200902160000_EV
TX,PECS,BH,31.370449,-103.866966,914,700,manual,0.43,79.05,2202.000033572316,manual,0.23,NA,NA,0.25,31.983666666666668,103.78783333333334,NA,142,NA,5,NA,2.11,ml,None,None,NA,68.3,5,5.324623319375005,5500,NA,earthquake_local,PECS.TX_20200902163100_EV
TX,PECS,BH,31.370449,-103.866966,914,700,manual,0.22,46.7,2144.0000322768465,manual,0.39,NA,NA,0.25,31.709833333333332,104.3605,NA,140,NA,5,NA,2.13,ml,None,None,NA,60,309,6.434979607607833,5500,NA,earthquake_local,PECS.TX_20200902165300_EV
TX,PECS,BH,31.370449,-103.866966,914,700,manual,0.34,58.31,2136.000032097101,manual,0.61,NA,NA,0.25,31.706666666666667,104.354,NA,140,NA,5,NA,2.04,ml,None,None,NA,59.3,309,4.652065018352397,5500,NA,earthquake_local,PECS.TX_20200902174900_EV
TX,PECS,BH,31.370449,-103.866966,914,700,manual,0.34,37.83,1897.000026755035,manual,0.61,NA,NA,0.25,31.618166666666667,104.20383333333334,NA,143,NA,5,NA,2.06,ml,None,None,NA,42.1,311,7.671763174334045,5500,NA,earthquake_local,PECS.TX_20200902180300_EV
TX,PECS,BH,31.370449,-103.866966,914,700,manual,0.36,50.13,1894.0000266879797,manual,0.62,NA,NA,0.25,31.625666666666667,104.1765,NA,149,NA,5,NA,2.03,ml,None,None,NA,40.8,314,8.606305543408952,5500,NA,earthquake_local,PECS.TX_20200902194200_EV
TX,PECS,BH,31.370449,-103.866966,914,700,manual,0.5,33.47,1761.000023715198,manual,0.23,NA,NA,0.25,31.629666666666665,103.928,NA,105,NA,5,NA,1.92,ml,None,None,NA,29.4,348,10.104933087645403,5500,NA,earthquake_local,PECS.TX_20200902213400_EV
TX,PECS,BH,31.370449,-103.866966,914,700,manual,0.34,84.39,2016.0000294148922,manual,0.56,NA,NA,0.5,31.776333333333334,104.029,NA,190,NA,5,NA,2.15,ml,None,None,NA,47.7,341,8.203771194344855,5500,NA,earthquake_local,PECS.TX_20200902214900_EV
TX,PECS,BH,31.370449,-103.866966,914,700,manual,0.16,67.58,1871.0000261729583,manual,0.85,NA,NA,0.25,31.632666666666665,104.1125,NA,162,NA,5,NA,2.02,ml,None,None,NA,37.3,321,13.662169473615357,5500,NA,earthquake_local,PECS.TX_20200902215400_EV
TX,PECS,BH,31.370449,-103.866966,914,700,manual,0.18,43.27,1837.0000254139304,manual,0.31,NA,NA,0.25,31.735333333333333,104.096,NA,116,NA,5,NA,2.31,ml,None,None,NA,46.1,331,8.581468281291203,5500,NA,earthquake_local,PECS.TX_20200902221700_EV
TX,PECS,BH,31.370449,-103.866966,914,700,manual,0.24,85.6,1824.0000251224265,manual,0.42,NA,NA,0.25,31.729333333333333,104.08566666666667,NA,116,NA,5,NA,2.23,ml,None,None,NA,45,332,16.13766506046193,5500,NA,earthquake_local,PECS.TX_20200902230600_EV
SC,SRH,BH,32.491798,-104.515404,1276,700,manual,0.11,55.59,2538.0000410822686,manual,0.21,NA,NA,0.25,31.748833333333334,104.29816666666666,NA,143,NA,5,NA,1.85,ml,None,None,NA,85.1,166,14.219537910274893,5500,NA,earthquake_local,SRH.SC_20200901040500_EV
SC,SRH,BH,32.491798,-104.515404,1276,700,manual,0.07,76.82,2468.0000395178795,manual,0.13,NA,NA,0.25,31.749333333333333,104.08533333333334,NA,113,NA,5,NA,2.17,ml,None,None,NA,92.1,153,17.545991453298992,5500,NA,earthquake_local,SRH.SC_20200901060500_EV
SC,SRH,BH,32.491798,-104.515404,1276,700,manual,0.18,50.27,2797.000046872068,manual,0.28,NA,NA,0.25,31.599166666666665,104.17616666666666,NA,204,NA,5,NA,1.97,ml,None,None,NA,104.3,162,12.22237994617344,5500,NA,earthquake_local,SRH.SC_20200901073300_EV
SC,SRH,BH,32.491798,-104.515404,1276,700,manual,0.07,53.22,2603.000042534899,manual,0.08,NA,NA,0.25,31.615,104.29433333333333,NA,151,NA,5,NA,2.36,ml,None,None,NA,99.7,167,23.29551201627477,5500,NA,earthquake_local,SRH.SC_20200901074800_EV
SC,SRH,BH,32.491798,-104.515404,1276,700,manual,0.04,36.12,2340.000036656391,manual,0.07,NA,NA,0.5,31.755166666666668,104.05983333333333,NA,110,NA,5,NA,1.8,ml,None,None,NA,92.6,152,9.525140700896856,5500,NA,earthquake_local,SRH.SC_20200901095900_EV
SC,SRH,BH,32.491798,-104.515404,1276,700,manual,0.07,51.07,2425.0000385567546,manual,0.12,NA,NA,0.25,31.7275,104.1175,NA,119,NA,5,NA,2.2,ml,None,None,NA,93,156,18.121027775164805,5500,NA,earthquake_local,SRH.SC_20200901103700_EV
SC,SRH,BH,32.491798,-104.515404,1276,700,manual,0.04,57.16,2532.000040948391,manual,0.07,NA,NA,0.5,31.66433333333333,104.18716666666667,NA,134,NA,5,NA,2.13,ml,None,None,NA,97.1,161,21.82598790309019,5500,NA,earthquake_local,SRH.SC_20200901131900_EV
SC,SRH,BH,32.491798,-104.515404,1276,700,manual,0.11,68.4,2679.000044234097,manual,0.23,NA,NA,0.25,31.729,104.53916666666667,NA,145,NA,5,NA,1.99,ml,None,None,NA,84.6,181,18.33888417975185,5500,NA,earthquake_local,SRH.SC_20200901135800_EV
SC,SRH,BH,32.491798,-104.515404,1276,700,manual,0.3,36.12,2418.0000384002924,manual,0.33,NA,NA,0.5,31.7375,104.27583333333334,NA,277,NA,5,NA,1.81,ml,None,None,NA,86.9,164,7.634201105009496,5500,NA,earthquake_local,SRH.SC_20200901151300_EV
SC,SRH,BH,32.491798,-104.515404,1276,700,manual,0.3,62.99,2587.0000421777368,manual,0.49,NA,NA,0.5,32.0035,103.71866666666666,NA,244,NA,5,NA,1.67,ml,None,None,NA,92.6,126,10.646460677017004,5500,NA,earthquake_local,SRH.SC_20200901151500_EV
SC,SRH,BH,32.491798,-104.515404,1276,700,manual,0.07,65.15,2592.000042290427,manual,0.15,NA,NA,0.25,31.642333333333333,104.4815,NA,156,NA,5,NA,2.01,ml,None,None,NA,94.3,177,33.770412642689145,5500,NA,earthquake_local,SRH.SC_20200901185100_EV
SC,SRH,BH,32.491798,-104.515404,1276,700,manual,0.11,61.24,2627.000043070875,manual,0.23,NA,NA,0.25,31.66583333333333,104.45166666666667,NA,151,NA,5,NA,2.07,ml,None,None,NA,91.9,176,15.086256705379093,5500,NA,earthquake_local,SRH.SC_20200901195100_EV
SC,SRH,BH,32.491798,-104.515404,1276,700,manual,0.37,38.31,2486.000039920211,manual,0.62,NA,NA,0.25,32.060833333333335,103.68716666666667,NA,313,NA,5,NA,2.16,ml,None,None,NA,91.4,122,12.001511345550282,5500,NA,earthquake_local,SRH.SC_20200901200900_EV
SC,SRH,BH,32.491798,-104.515404,1276,700,manual,0.07,30.52,2286.000035450794,manual,0.17,NA,NA,0.5,31.9615,103.88616666666667,NA,177,NA,5,NA,1.77,ml,None,None,NA,83.7,135,10.314839685795542,5500,NA,earthquake_local,SRH.SC_20200901225500_EV
SC,SRH,BH,32.491798,-104.515404,1276,700,manual,0.11,86.06,2475.0000396743417,manual,0.23,NA,NA,0.25,31.74266666666667,104.51666666666667,NA,142,NA,5,NA,1.94,ml,None,None,NA,83.1,179,20.415936463499285,5500,NA,earthquake_local,SRH.SC_20200901225800_EV
SC,SRH,BH,32.491798,-104.515404,1276,700,manual,0.06,86.18,2628.000043094158,manual,0.11,NA,NA,0.25,31.741,104.0895,NA,115,NA,5,NA,2.27,ml,None,None,NA,92.8,154,0.09062302657166323,5500,NA,earthquake_local,SRH.SC_20200902013500_EV
SC,SRH,BH,32.491798,-104.515404,1276,700,manual,0.09,30.52,2629.0000431163935,manual,0.18,NA,NA,0.5,31.621,104.14966666666666,NA,153,NA,5,NA,1.9,ml,None,None,NA,102.9,160,5.812052521521528,5500,NA,earthquake_local,SRH.SC_20200902023700_EV
SC,SRH,BH,32.491798,-104.515404,1276,700,manual,0.11,33.25,2532.000040948391,manual,0.22,NA,NA,0.25,31.740833333333335,104.36416666666666,NA,136,NA,5,NA,2.24,ml,None,None,NA,84.7,170,4.7572725981541275,5499.999999999884,NA,earthquake_local,SRH.SC_20200902025400_EV
SC,SRH,BH,32.491798,-104.515404,1276,700,manual,0.11,57.05,2514.0000405460596,manual,0.22,NA,NA,0.25,31.7045,104.32533333333333,NA,139,NA,5,NA,2.27,ml,None,None,NA,89.3,168,0.4784483548003887,5500,NA,earthquake_local,SRH.SC_20200902032100_EV
SC,SRH,BH,32.491798,-104.515404,1276,700,manual,0.18,66.18,2487.0000399423297,manual,0.17,NA,NA,0.5,31.9935,103.73,NA,242,NA,5,NA,1.75,ml,None,None,NA,92.4,127,3.939555806116746,5500,NA,earthquake_local,SRH.SC_20200902035400_EV
SC,SRH,BH,32.491798,-104.515404,1276,700,manual,0.06,37.51,2598.000042423606,manual,0.24,NA,NA,0.5,31.676166666666667,104.52433333333333,NA,153,NA,5,NA,1.67,ml,None,None,NA,90.5,180,2.57884708346582,5500,NA,earthquake_local,SRH.SC_20200902042000_EV
SC,SRH,BH,32.491798,-104.515404,1276,700,manual,0.06,6.96,2736.000045508379,manual,0.21,NA,NA,0.75,31.655333333333335,104.50133333333333,NA,155,NA,5,NA,1.89,ml,None,None,NA,92.8,179,-0.7726074827077806,5500,NA,earthquake_local,SRH.SC_20200902042200_EV
SC,SRH,BH,32.491798,-104.515404,1276,700,manual,0.06,74.31,2471.0000395849347,manual,0.11,NA,NA,0.25,31.754,104.09733333333334,NA,114,NA,5,NA,2.56,ml,None,None,NA,91.1,154,5.699360571224076,5500,NA,earthquake_local,SRH.SC_20200902050800_EV
SC,SRH,BH,32.491798,-104.515404,1276,700,manual,0.06,50.76,2566.00004170835,manual,0.06,NA,NA,0.25,31.750833333333333,104.086,NA,113,NA,5,NA,2.65,ml,None,None,NA,91.9,153,4.228079265258656,5500,NA,earthquake_local,SRH.SC_20200902051800_EV
SC,SRH,BH,32.491798,-104.515404,1276,700,manual,0.09,86.59,2544.000041216379,manual,0.17,NA,NA,0.25,31.671,104.21433333333333,NA,136,NA,5,NA,1.02,ml,None,None,NA,95.6,162,5.504503663664103,5500,NA,earthquake_local,SRH.SC_20200902053800_EV
SC,SRH,BH,32.491798,-104.515404,1276,700,manual,0.07,68.19,2463.000039406121,manual,0.13,NA,NA,0.25,31.744333333333334,104.05483333333333,NA,131,NA,5,NA,1.95,ml,None,None,NA,93.9,152,1.218035434071458,5500,NA,earthquake_local,SRH.SC_20200902065600_EV
SC,SRH,BH,32.491798,-104.515404,1276,700,manual,0.04,59.83,2337.0000365898013,manual,0.09,NA,NA,0.75,31.670833333333334,104.46666666666667,NA,151,NA,5,NA,1.96,ml,None,None,NA,91.3,176,4.718745673190012,5500,NA,earthquake_local,SRH.SC_20200902083000_EV
SC,SRH,BH,32.491798,-104.515404,1276,700,manual,0.07,42.01,2374.0000374172814,manual,0.24,NA,NA,0.5,31.704,104.525,NA,148,NA,5,NA,1.83,ml,None,None,NA,87.4,180,4.373656540371092,5500,NA,earthquake_local,SRH.SC_20200902083600_EV
SC,SRH,BH,32.491798,-104.515404,1276,700,manual,0.07,59.5,2201.0000335499644,manual,0.13,NA,NA,0.25,31.758,104.08616666666667,NA,113,NA,5,NA,1.97,ml,None,None,NA,91.2,153,4.1448037781981855,5500,NA,earthquake_local,SRH.SC_20200902085000_EV
SC,SRH,BH,32.491798,-104.515404,1276,700,manual,0.09,87.26,2438.0000388468616,manual,0.16,NA,NA,0.25,31.758,104.05883333333334,NA,130,NA,5,NA,2.09,ml,None,None,NA,92.4,152,0.4205622138896521,5500,NA,earthquake_local,SRH.SC_20200902095400_EV
SC,SRH,BH,32.491798,-104.515404,1276,700,manual,0.08,84.78,2397.0000379313715,manual,0.16,NA,NA,0.25,31.6895,104.39833333333333,NA,145,NA,5,NA,2.05,ml,None,None,NA,89.8,172,5.426562396328476,5500,NA,earthquake_local,SRH.SC_20200902101300_EV
SC,SRH,BH,32.491798,-104.515404,1276,700,manual,0.08,62.82,2412.000038266182,manual,0.17,NA,NA,0.25,31.696833333333334,104.514,NA,149,NA,5,NA,2.29,ml,None,None,NA,88.2,179,6.987063574049108,5500,NA,earthquake_local,SRH.SC_20200902115100_EV
SC,SRH,BH,32.491798,-104.515404,1276,700,manual,0.05,33.92,2471.0000395840034,manual,0.09,NA,NA,0.5,31.6445,104.27433333333333,NA,145,NA,5,NA,2.18,ml,None,None,NA,96.9,166,0.8197961813049557,5500,NA,earthquake_local,SRH.SC_20200902121600_EV
SC,SRH,BH,32.491798,-104.515404,1276,700,manual,0.08,74.13,2312.0000360310078,manual,0.14,NA,NA,0.25,31.752,104.08066666666667,NA,113,NA,5,NA,2.2,ml,None,None,NA,92,153,3.865779543085015,5500,NA,earthquake_local,SRH.SC_20200902131000_EV
SC,SRH,BH,32.491798,-104.515404,1276,700,manual,0.13,28.61,2536.000041037798,manual,0.23,NA,NA,0.25,31.764666666666667,104.04433333333333,NA,140,NA,5,NA,2.29,ml,None,None,NA,92.4,151,2.759330244363741,5500,NA,earthquake_local,SRH.SC_20200902132600_EV
SC,SRH,BH,32.491798,-104.515404,1276,700,manual,0.06,34.3,2527.0000408366323,manual,0.11,NA,NA,0.25,31.768,104.10533333333333,NA,113,NA,5,NA,2.61,ml,None,None,NA,89.4,154,8.288981624517612,5500,NA,earthquake_local,SRH.SC_20200902141300_EV
SC,SRH,BH,32.491798,-104.515404,1276,700,manual,0.04,84.95,2236.0000343322754,manual,0.07,NA,NA,0.5,31.739,104.07433333333333,NA,113,NA,5,NA,2.08,ml,None,None,NA,93.6,153,1.468088157712809,5500,NA,earthquake_local,SRH.SC_20200902160000_EV
SC,SRH,BH,32.491798,-104.515404,1276,700,manual,0.09,82.96,2440.0000388920307,manual,0.1,NA,NA,0.25,31.983666666666668,103.78783333333334,NA,142,NA,5,NA,2.11,ml,None,None,NA,88.8,129,8.281273145864388,5500,NA,earthquake_local,SRH.SC_20200902163100_EV
SC,SRH,BH,32.491798,-104.515404,1276,700,manual,0.07,51.81,2470.0000395635143,manual,0.13,NA,NA,0.25,31.709833333333332,104.3605,NA,140,NA,5,NA,2.13,ml,None,None,NA,88.1,170,4.775536421757253,5500,NA,earthquake_local,SRH.SC_20200902165300_EV
SC,SRH,BH,32.491798,-104.515404,1276,700,manual,0.1,63.83,2349.000036858022,manual,0.1,NA,NA,0.25,31.706666666666667,104.354,NA,140,NA,5,NA,2.04,ml,None,None,NA,88.6,170,11.102557632117056,5500,NA,earthquake_local,SRH.SC_20200902174900_EV
SC,SRH,BH,32.491798,-104.515404,1276,700,manual,0.32,38,2648.000043541193,manual,0.3,NA,NA,0.25,31.613833333333332,104.15333333333334,NA,292,NA,5,NA,1.97,ml,None,None,NA,103.5,160,6.348648910738271,5500,NA,earthquake_local,SRH.SC_20200902194000_EV
SC,SRH,BH,32.491798,-104.515404,1276,700,manual,0.13,60.71,2667.000043965876,manual,0.25,NA,NA,0.25,31.625666666666667,104.1765,NA,149,NA,5,NA,2.03,ml,None,None,NA,101.5,161,5.0612902525705605,5500,NA,earthquake_local,SRH.SC_20200902194200_EV
SC,SRH,BH,32.491798,-104.515404,1276,700,manual,0.07,68.61,2362.0000371476635,manual,0.07,NA,NA,0.25,31.745333333333335,104.084,NA,114,NA,5,NA,2.1,ml,None,None,NA,92.5,153,5.686186493133426,5500,NA,earthquake_local,SRH.SC_20200902204500_EV
SC,SRH,BH,32.491798,-104.515404,1276,700,manual,0.07,47.87,2690.0000444808975,manual,0.14,NA,NA,0.25,31.629666666666665,103.928,NA,105,NA,5,NA,1.92,ml,None,None,NA,110.9,150,3.459996825475786,5500,NA,earthquake_local,SRH.SC_20200902213400_EV
SC,SRH,BH,32.491798,-104.515404,1276,700,manual,0.07,50.51,2661.0000438317657,manual,0.11,NA,NA,0.25,31.735333333333333,104.096,NA,116,NA,5,NA,2.31,ml,None,None,NA,93,154,7.083060387902673,5500,NA,earthquake_local,SRH.SC_20200902221700_EV
SC,SSS,BH,32.355099,-103.398598,1072,700,manual,0.04,75.05,2746.0000457316637,manual,0.05,NA,NA,0.25,31.754,104.09733333333334,NA,114,NA,5,NA,2.56,ml,None,None,NA,92.7,224,5.4157628957446,5500,NA,earthquake_local,SSS.SC_20200902050800_EV
SC,SSS,BH,32.355099,-103.398598,1072,700,manual,0.04,51.55,2233.000034265453,manual,0.03,NA,NA,0.25,31.750833333333333,104.086,NA,113,NA,5,NA,2.65,ml,None,None,NA,92.2,223,4.002442297573223,5500,NA,earthquake_local,SSS.SC_20200902051800_EV
SC,SSS,BH,32.355099,-103.398598,1072,700,manual,0.03,35.1,2496.0000401437283,manual,0.08,NA,NA,0.25,31.768,104.10533333333333,NA,113,NA,5,NA,2.61,ml,None,None,NA,92.1,225,3.885381726786382,5500,NA,earthquake_local,SSS.SC_20200902141300_EV
